,Unnamed: 0,comment
0,0,"Guys untuk kiting cake ada kesalahan penulisan harga yaa.. harusnya harganya 195.000 bukan 360.000

Mohon Maaf atas kesalahan penulisanyaa

ğŸ™ğŸ»ğŸ™ğŸ»"
1,1,"24:06 bejir jastipnya markupnya banyak buanget wkwkwkwk pdhl sama sama jktğŸ˜… btw ada yg bahannya kek donbakeshop baru launching, circles bakery"
2,2,15:27 donbakeshop ni wkwkwk keliatan beet. Dia pake seasalt kak di dalemnya pistachio+ktaifi wkwk
3,3,8:21 dari sini keliatan jelas fix yg ini wkwk
4,4,battle basreng mentah kak
5,5,Malah iklan skincare
6,6,"Klau lumer memang pistachio bakalan kurang berasa lah, kan banyakan cairannya (oil), klau mau berasa pistachio ya cairan (oilnya) dibuat sedikit, tp jd kering ngga lumer"
7,7,Beli yg by chi keik dmna ya?
8,8,No 10 apa ee penisirin ğŸ˜…
9,9,battle nugget
10,10,Konten ka tasyi ga ngebosenin
11,11,Kataifi sipaling kataifi
12,12,"Kak Tasyi cobain dong coklat Dubai yg merk Ãœlker dari TÃ¼rki, itu terkenal banget di turki dan cepet banget habisnya, kata orang orang yg merk Ãœlker ini lebih enak dari pada yg di Dubai, moga read ya kak"
13,13,fix emng overratted bngt siii
14,14,Pas editan wangi sampe ilang ngakak sih wkwk
15,15,"Tasyiii... Battle mayonaise doooong... rekomendasi Mamayo, primayo, prima agung, prociz, kwepie, mayumi, maestro, mamasuka, dll..."
16,16,kak videonya jangan terlalu jauh kak
17,17,Tasyi kl diet cakep kali yaaa
18,18,"Suka bangetttt battlenya ka Tasyi, lanjutkan terus kakğŸ¥¹ğŸ«¶ğŸ»"
19,19,Nonton ini sambil makan coklat don bakeshop ğŸ˜…
20,20,Kadnag donbake shop ada yg ketebelan ada yg tipis kek ga sinkron. Pdhal kebanyakan riview emang paling enak donbake shop
21,21,"Sblm nnton sampe beres , pas liat yg no 8 udh feeling don sihh itu hee . Eehhh beneran don bakeshop yaaa . Blm pernah beli dan cobaa tapi dliat sekilas udh ketebak heee"
22,22,Beccas nggak ada ya...
23,23,Setelah ini Dubai Chocolate by Chi Keik pasti laku keras. ğŸ˜„
24,24,"Aku suka banget konten ka tasyi bettle begini, semangat ngonten ka tasyi"
25,25,Salfok ga si cakep banget ka tasyi
26,26,Tahini ituu apa yaa??
27,27,subtitle nya ga match kak di akhir akhirğŸ˜­
28,28,Tahina bukan tahiniğŸ˜…
29,29,ka cobain deh coklat dubai nya TERVE chocolate factory di bandung hehe enak banget menurutku ga terlalu manis
30,30,"Urutan merk

1. Studio Chocolate (almost perfect, cuman kecil aja cetakannya. 109.000)
2. Les cantiqa (210.000)
3. Pipiltin (268.000)
4. Fix Chocolate (575.000)
5. Delicia Krasiva (paling aromatic. 225.000)
6. Heavenly Taste (125.000)
7. By chi keik (Ada sedikit butiran garam yg tdk rata 130.000)
8. Don Bake Shop (almost perfect tp bawahnya ketebelan, 280.000).
9. Kiting Cake (195.000)
10. UMKM - Sensor -"
31,31,Tapi pada bilang Don bake shop rating review nilainya rata2 aja ğŸ˜‚ enak banget juga ga tapi dibilang ga enak juga gak ğŸ˜‚
32,32,kak kalo mau battle jangan banyak ngomong dong lama banget nunggu mau batlle nya
33,33,battle es teh kak ğŸ˜‚
34,34,Aku pakai yg acne emang sebagus itu
35,35,kak cobain dubai kunafa nya Sina Cake enak banget
36,36,"Kak tasyi sadar gk si yg studio coklat juara no. 3 itu udh pernah masuk di ""JAJANAN RATING TERTINGGI... "" dan JUJUR MASUKAN KAKAK TETEP KONSISTEN DAN SAMA TENTANG CETAKANNYAğŸ˜­ğŸ˜­ğŸ˜­ emg bnran masyaallah bgt deh reviewnya kak tasyiâ¤"
37,37,Nomor 10 tuh merknya Honey Butter ga si???
38,38,Harusnya ada pas di bagi 2 gitu coklat nya biar tau yg tempered chocolate sama yg ngga yg mana
39,39,5:16 kepalanya ngeri bgt
40,40,"Dubai mah padang pasir .
Gak ada tumbuhan buah2an .
Itu choclat impor"
41,41,"ooh kukira di battle ini ada dubai coklat yg dri BECCA's, soalnya bnyk yg blg itu lbh enak drpd Don Bakeshop, apalgi klo ka tasyi nyari yg fillingnya lebih ke asin gurih keknya bakal cocok :D"
42,42,IG BY CHI KEIK APASIHHH GAIS
43,43,KENAPA GAADA COKLAT DUBAI BECCA!!!! ITU PALING ENAKKKK!!!!
44,44,Aku juga pakai signatute by kamila bagus banged..
45,45,suka bgt skrg kak tasyi softlensnya agak gelap cantik poll
46,46,Yah gaada beccaaa kwkw
47,47,Salfok makin cakep aja kak Tasyi â¤
48,48,Battle cimol mozarella donggg
49,49,"Baru pertama denger review makanan dari Tasyi and I love it!!

Aku sering komplain dengerin food vlogger jaman now yg ga jelas dalam mendefinisikan rasa makanan, aroma, dan bahannya apaa cuma dari rasa makanan.
Karena seharusnya emang gituuu as a food vlogger â¤â¤â¤"
50,50,Gokil penjelasan nya masuk di gue kak thank u kak ğŸ¥ºğŸ‰
51,51,kak tasyi vidio battle nasi goreng kok udah ga ada?
52,52,yg dapur coklat enak ga ya
53,53,Pecinta langangan skincare hnh â¤ udh make hampir 2tahunan
54,54,battle milk bun kak
55,55,"Padahal no 1 nujum nyh ngk enak, ehh juara 3ğŸ˜‚"
56,56,"Gue nonton ini sambil makan sambel plus krupuk, berasa krupuknya jadi coklat ğŸ˜‚ğŸ˜‚"
57,57,Makin antri dah si juara 1ğŸ˜‚
58,58,"dari awal nonton udah nebak itu nomor 1 Studio Coklat, chocolate dubai-style pertama yg aku cobain malah itu. Kalo selera aku lebih suka dia malah karena tipis, tapi ya itu balik ke selera masing2 ğŸ˜‡"
59,59,Itu rambutnya kak tasyi keliatan nggak sih? Salfok
60,60,Untung blm ikut fomo beli fix ğŸ˜­
61,61,"Sebenernya konten battle ka tasyi ada bagusnya loh buat para umkm"" dan penjual yg lain karena review jujurnya, untuk "" YANG MAU TERIMA KRITIK DAN SARAN YA "" .. Klo yang gamau dan ada rasa IRI DENGKI DI HATI ya susah.. Aku liat kemaren di tiktok banyak yg komen soal review ka tasyi pas aku tonton biasa aja ko, padahal ka tasyi sering bilang klo ini sesuai selera ka tasyi kan.. Emang ribet banget netizen mah yaaa.."
62,62,Kak battle pancake roll durian kk lagi virall
63,63,"Iyaaa lagi, aku pertamakali beli yg heaven, enak kokk, tapi yaa kayak makan coklat crunchy ovomaltine ğŸ¥² gada rasa asin sedikitpun. Ketutup bgt sama milk coklatnya huhu. Coba donebake deh abis ini"
64,64,syaangnya becca g ada tasyiiiğŸ˜… kata org2 yg becca enakkkkğŸ˜¢
65,65,udah ketebak kalo don bakeshop karna painting coklatnya keliatan wkwkwk
66,66,skincareny bpom ga ka?
67,67,KAA BATTLE CHEESECAKE DONG
68,68,Puas nontonnya HAHHAHAHAHAHA ternyata yg lokal aja lebih enak dari dubai ğŸ˜‚
69,69,Chie keik emg seenak ituuuuu â¤
70,70,"next, battle teh dong kaaa"
71,71,O
72,72,Bener kemaren fyp orang luar bikin coklat dubai itu isiannya selain pistachio paste pakai tanini juga
73,73,"Keren bgt cara ngereview nya . Fair, sopan, dikasih masukan, penonton jg mudah nangkep n kebayang maksudnya. HebatğŸ‘ğŸ» terbaik kak Tasyi"
74,74,NEXT BATTLE DIMSUM KAA TASYIIII
75,75,Kak tasyi mulutnya bener2 masyaallah
76,76,Pantes ampe antriÂ² sblm mall bukak.
77,77,Kak battle Rendang dong dari produk influencer ataupun tempat nasi padang populer
78,78,Kawin ka yuk
79,79,guyss info beli yg no 6 dimana dongg
80,80,Jd bingung cobain chi keik apa studio coklat ya?
81,81,apakah ada coklat vinchoco?
82,82,Kak batle nugget dong
83,83,"Masha allah kak tasyi mkin cantik bnget, pangling aku. Udah lama gak nonton vidio kak tasyi"
84,84,Nah ini yg d tunggu
85,85,aku udah coba juara satunya sebelumnya dan emang bener dubai chocolatenya don bake shop enak bgt huhuhu nangis ğŸ˜­ğŸ˜­ğŸ«¶
86,86,"Kaa banyak yang typo jujur, angka 4 jadi 5, terus yang coklat pertama kan ditaro tengah tp tulisannya depan, sama hargaa :( yuk editornya improve yuk"
87,87,Di duo pengacara dibilang enak enak aja di tasyi kurangğŸ˜… kliatan siapa yg lebih pro wkwk ( nomer 3)
88,88,No 1 - no 10 brand apa ajasih ga tauğŸ˜­
89,89,sejauh ini hanya kak tasyi yang jelasin makanan se detail ini dan berasa sambil belajar ilmu masakğŸ˜­
90,90,Donbake shop pemenang nyaaa si viral ituuu wooowğŸ¤©
91,91,As always dari pada â€œbuatan akuâ€
92,92,kaaaaa battle SATE TAICHAN PLISğŸ˜­ğŸ™
93,93,Battle sarden kak
94,94,Kaa battle kebabb
95,95,Kepo sama becca
96,96,.
97,97,"don bakershop belom bisa konsistenin ketebelan coklatnya aja si, liat di konten lain coklatnya ada yang tipiss atas ama bawahnyaa, kak tasyi ga beli yang becas jugaa yaa itu"
98,98,"KAK AYO COBA COKLAT DUBAINGA HABIBISWEET BALI , enak juga"
99,99,ğŸ‘ğŸ¼ğŸ‘ğŸ¼
100,100,Battle makanan kaleng
101,101,gila kiting selalu mirip sama yg lagi hype
102,102,Ka tasyi cobain yang dari becca house kata orang orang enak banget sayang di battle ini gada
103,103,"Kayaknya brand nomor 8 pesanannya uda membludak, jadi soal ketebalannya si cokelat ga konsisten alias terburu2"
104,104,"Sayang g ada becca.. Pdhal byk yg blg becca itu enak bgt .. G kemanisan, gurih ."
105,105,Utk harga segitu yagakpapa sih coklatnya tebal ğŸ˜… kan ada orang yg emang mau ngincer coklat yg enak juga biar puass gitu loh.. hehe
106,106,Kak bettle roti manis dari semua toko kue atau homebakers TERENAK
107,107,cobain dubai coklatnya elder patisserie jogja dong kakâ¤
108,108,SeruuuğŸ‰
109,109,ğŸ˜
110,110,Hihi betol le Janna ckp. Biasa je nyah. MMG x sedap sangat pon. Hihi
111,111,Kak battle stevia dooongg takut manis nya zonk ğŸ˜¢
112,112,Battle mochi dong kaaa
113,113,"maaf oot, kak tasyi katanya ada gerd yak, kok bisa diet yak. tipsnya gimana yak, pengin diet tapi ada gerd jadi takut buat diet :("
114,114,Battle martabak manis dong kak kayak nya seruu tuhh
115,115,aaaa yg beccaâ€™s ga masuk ya kak??? Pdhl liat riview orng bagus bagus kak
116,116,SETELAH DI APPROVED KAK TASYI BERAPA NIH DI KASTIL HARGANYA WKWK. NANGIS POLLL 580ğŸ˜­ğŸ˜­ğŸ˜­
117,117,Udh trending 12 loh
118,118,"always detail banget kak tasyi,,, selalu suka.. luph luph"
119,119,Battle per ice cream man kk
120,120,Sibodoh ini katanya no 4 enak bgt pas tau merknya fix trs tbtb bilang fix ga seenak itu gila apa ya ni org dihh
121,121,kak tasyiii bikin resep cheseecuit yg lg virall donggg plis hihi
122,122,padahal gw liat di ig chef donny itu tipis loh coklat atas bawahnya
123,123,"Gimn radany bak hu penasaran ,ok tk subcrib ki .berbagi yaa"
124,124,beccca ga masukkk
125,125,Battle burnt cheesecake brownie kak tasyiiiiii!
126,126,Yaaahhhh becca belum direview padahal enak bgt
127,127,Pemenang kedua beli dimana ya?
128,128,Battle kwasong dong ka
129,129,kak battle dimsum donggg
130,130,Coklat mahal ğŸ˜…
131,131,9:06 9:08 9:08 9:08 9:09 9:09 9:09 9:09 9:09 9:11 9:11 9:11 9:11 9:11 9:12 9:12 9:12
132,132,by chi keik beli dimana pliss yang tau dm cari ignya gak nemu â˜¹ï¸
133,133,Hebat sih kak tasyi soal lidah perasa. Tapi yg di compare makanan yg ga terjangkau sayangnya ğŸ˜¢ tempat maupun harga. Ga semua org bisa icip juga. Sekedar ungkapin isi hati aja
134,134,yg nomor 5 isiannya mirip bget sama tai kebo baru
135,135,Wihh ka tasyi skincare sama kaya punya ibu akuuğŸ˜‚â¤â¤
136,136,Beli cokkat dubai by chi kiek dmna ya?
137,137,Kak mau tau cara beli coklat dubai by chi kiek dmna ya?
138,138,"Tasyi akan selalu jadi referensi utama gue untuk nyobain sesuatu yang viral, krn gue bukan tipikal yang mau coba-coba, gue akan selalu cobain #1 nya Tasyi, and all I want to say thank you to Tasyi atas reviewnya, jadi gue gak perlu cobain yang ga terbaik, and so far review nya Tasyi memuaskan dan cocok di gue. Sukses terus yaa Tasyi and team!"
139,139,Bedanya kataifi sama kunafa apa ya?
140,140,"ngakak bgtdah liat kak tasyi ngmngğŸ˜­, apalagi pas ngmng juara dua ""murah banget murah banget""ğŸ˜­"
141,141,"ka tasyi , battle kue maccaron dong"
142,142,MashaAllah salfok cantik banget
143,143,Kak battle bakmie donggg
144,144,battle perkejuan kak
145,145,Gmn seh ka Tasyi.. Knp nomor 4 dibilang tahini mulu pdhl fix dubay coklat satu2nya yg pernah dicoba
146,146,Lebih enak liat mba nya yg ngunyahğŸ˜…
147,147,Wah makin antri beli di don bakeshop
148,148,Kangeeeen tasyi battle
149,149,Kalo mau skip opening langsung aja ke 3:25 ya guys
150,150,siapa yg bikin subtitle nyağŸ˜­ â€œwe never noâ€ ğŸ˜­
151,151,apaan sih jastiper donbakeshop ngambil margin gede banget gilaaaa org dapetnya gak sesusah itu udh 2x beli gue ğŸ™ƒ
152,152,I LOVE U TASYI â¤
153,153,loveâ¤
154,154,"Ka tasyi, battle kecap asin donkkk.."
155,155,Yg by chi keik bisa dibeli dimana ya? Ada yg tau?
156,156,kak battle sushi dong tolong ğŸ˜Š
157,157,"Kak tasyi coba deh cobain buah lontar mau tau reaksi kak tasyi gimana sama rasa buah lontar, pliss kalau setuju like â¤âœ¨ğŸ•Šï¸ğŸ’ğŸ’•ğŸ¤ğŸ’—"
158,158,"Lama gak nonton video Tasyi, yang  bikin subtitle masih aja gitu??? Please kalau ketik sub bahasa Inggris, search dulu di Google gitu loh??? Bisa gak sih, ya ampun, tolong banget. Bahasa Inggrisnya Tasyi bener, subnya ambyar. Emang satu tim gak ada yang bisa bahasa Inggris sama sekali, gitu? Buat review tulisan di videonya sebelum release??? GOOGLE TRANSLATE IS FREE."
159,159,"3 studio coklat
2 Chi keik
1 don bakeshop"
160,160,Kak tasyi battle whip cream dong. Biar jadi perbandingan untuk jualan juga
161,161,Sayang banget ga masukin yg punya BECCA......
162,162,"Kak Tasyi, perbanyak konten dgn durasi panjang ğŸ˜‚ pw bgt makan sambil nonton"
163,163,donbake shopp selalu antrii klo di smbb pliss
164,164,Aku cobain donbakeshop tapi cokelatnya ga setebel ituuu
165,165,I NEED U BATTLE BAKSO KAAAK VERSI HARGA MELOKAL EHEHE
166,166,WE made it kak yeeaayyyy..!
167,167,"satu satunya bagi aku food vloger yang berdidikasi tingggi sama makanan dan bisa di percaya,  selain itu unik banget karena biasa nya foodvloger battle makanan hanya menjelaskan dari segi rasa mkanan tapi ka tasyi menjelaskan dengan sangat detail bahkan  bisa ngerasain bahan lain yang ada dimakanan.walau kadang ga dipungkiri selera orang masing masing itu beda tapi  aku selalu suka nonton ka tasyi battle makanannnn"
168,168,"Ak ga ngerti Tasyi ini siapa, tp pnsaran aja karna masuk trending. Dan aku asli kagum dgn cara review dia
Blak2an
Jujur dan sopan
DETAIL
Dan yg aku suka , ga dibuat2

Aku biasany anti banget nnton video diatas 15 menit. Tp ini beneran aku trbawa arus aja ğŸ˜‚ğŸ˜‚. Enak aja nntonnya"
169,169,wah
170,170,We made it
171,171,We made it
172,172,Battle hot chocolate/ice chocolate
173,173,Cobain Becca's kak
174,174,"Dari designnya aja udah nyangka yg juara 1 itu Don bakeshop, Congrats"
175,175,WE MADE IT
176,176,"Seruuu bgtt part battle, bikin gregetan. Dan kak tasyi deskripsiinnya detail bgt . Nah begini food vloger hrsnya gk cuman ya enak asin atau enak pedes gk begitu doangğŸ˜…"
177,177,Trending 3 kak tasyi.. congraatttssss wohoooo
178,178,nonton ini sambil makan dubai coklatğŸ˜Š
179,179,Aku malah mau ka tasyi bikin bettle sarden untuk persiapan sahurğŸ˜‚ğŸ˜‚ğŸ˜‚
180,180,we made it
181,181,yaelah baru mulai udh iklan awkwk
182,182,nmr 10 beda sendiri ğŸ˜…
183,183,Konten pling di tunggu perbettle an ini
184,184,Aaaa kesel bgt kemaren jastip Don Bakeshop ketipu jastiipp ğŸ˜­. IG-nya â€œPretty Jastip Co & Shoppingâ€ tp skr account-nya udh ilang ğŸ¥²
185,185,"Kak Tasyii seneng bangettt bisa trending 3 selamat ka tasyii, aku suka bangett ngikutin battle ka tasyi.  Aaaaa senenggg"
186,186,WE MADE IT ğŸ˜ğŸ”¥ğŸ”¥ğŸ”¥ğŸ”¥ğŸ”¥
187,187,â¤
188,188,"Kalo sekarang foodvloger kebanyakan enak2 aja blgnya,gak bsa deskripsikan makanan itu. .gak ada pak bondan,masih ada tasyi"
189,189,Pake kataifi atau kunafa sih namanya
190,190,Kk masuk tv loh
191,191,kak jujur aku mau beli nungguin km review dulu ğŸ˜­
192,192,ka tasyi banyakin vidio battle lagi hehe
193,193,Wow
194,194,Kak silau backgroundnyağŸ˜…
195,195,Congrats tranding 2ğŸ‰
196,196,Aku liat org bikin pakai mihun.....hahahahahağŸ˜‚ ga hbis fkir aku
197,197,Kebayang ga sihhh modalnya brp itu coklat semua ğŸ˜®
198,198,APASIH NGE RIVIEW KOK ARAHNYA JADI KE TAHINI TAHINI SII GAJELAS BANGET PASTI SENGAJA ITU MAH
199,199,MENJATUHKAN!!!
200,200,we made it kakk
201,201,akhirnyaaa
202,202,"INGET BANGETTT DULU KAK TASYI PERNAH BILANG ""GA BISA DAPET TRANDING DI YUTUB."" NAH ALHAMDULILLAH SEKARANG TERNYATA BISA DI TITIK INI YA KAKKK! CONGRATS âœ¨âœ¨"
203,203,"Kak tasyi, battle nugget please??"
204,204,We Made itâ¤
205,205,Congrats kak Tasyiiii
206,206,Udah ga di ragukan lagi anakÂ² nya ibu ala ini totalitas semua kalau udah mereview
207,207,Battle ayam pop padang gasihh?
208,208,"Yah sayang bgt ga ada becca's bake shop, banyak yg bilang lebih enak dari don"
209,209,Akhirnya trending
210,210,yaah gaada moody baker sama becca's. di tiktok seliweran 2 brand itu juga
211,211,Kak bettel   coklat silferQuin ada yang palsu  pliss semoga dibaca amin
212,212,Trending 2 kak tasyi ğŸ˜
213,213,"kak tasyi, plis battle makanannya sering2 dong, udah kehabisan tayangan buat temen makan :((("
214,214,Itu nomor 10 coklat dubai isi promag ga siii wkwkkw
215,215,"Mau tau harga nya yg nomor sepuluh, se gak worth it itu kah?ğŸ˜®"
216,216,gokil
217,217,"Suka banget video riview ini, bersih jelas tempo nya dapat. Sukses terus kak tasyi dan team."
218,218,kataifi tuh bahasa apanya kunafa ya?
219,219,Patungan belinya dipotong rata..buat nyobain rameâ€ ğŸ˜‚
220,220,No 2 isi promag ga sih ğŸ¤£
221,221,ğŸ‰ğŸ‰ğŸ‰
222,222,cie trending r
223,223,"Moisturizer HnH emang bagus  pernah coba  tapi dikit bgt isinya 2x lipat dri originot
Daycreamnya itu kya Foundation jd suka bentrok warna dg cushion atau bedak"
224,224,"Kaan klo battle pasti trending kak, pliss banyakin konten battle"
225,225,WE MADE ITğŸ¥³ğŸ”¥
226,226,WE MADE ITğŸ¥³ğŸ”¥
227,227,We made itğŸ˜®ğŸ‰â¤
228,228,kenapa gaada the moody baker???? padahal itu di juara juara in bangettt
229,229,WE MADE IT ğŸ‰ğŸ§¡
230,230,"We made it!! Walaupun diriku tidak memiliki niat ingin membeli Dubai coklat karena ga punya uang, tapi aku tetap menonton nya untuk mendukung ka tasyii ğŸ¥°ğŸ˜"
231,231,"You made it Kak Tasyi .. 
Aku jarang banget Komen di Yt hihi"
232,232,Masya allah yang lagi trending #1 finally â¤
233,233,WE MADE IT kakk â¤
234,234,WE MADE IT KA TASYIII CONGRATS
235,235,Jadi pengen ğŸ¤¤
236,236,Kok by chi keik gada ig or shope onlinenya yak
237,237,"hah jastip 520? Dikita cuma 350 kak , open list setiap hari dari jakarta selatan."
238,238,We made it ka Tasyiâ¤ï¸
239,239,"Sumpah gua kalo beli makanan yg hits2 skrg liat review ka tasyi , dia bnr2 se detail itu kl nge reviewğŸ˜ğŸ˜ğŸ˜"
240,240,"Ka Tasyi makin ngereview yg kurang, makin nada bicaranya lembut, keliatan bgt hatinya ga tega :) reaksi spontan biasanya ga bsa dibuat2... jd makin syg hhe"
241,241,WE MADE ITğŸ¤ğŸ¤ğŸ¤ğŸ¤ğŸ¤ğŸ¤ğŸ¤ğŸ¤ğŸ¤ğŸ¤ğŸ¤ CONGRATS KAK TASYI SENENG BGT!!! Ngikutin kak tasyi dari jaman baheula bgt huaaa so proud of you kakğŸ¤ğŸ¤
242,242,Gw saranin kalian nnton nya pake kecepatan 1.5 pas bagian dia nilai yg studio coklat. Di jamin ngakakğŸ¤£ğŸ¤£ğŸ¤£
243,243,"By chi keik kalo mau order gimana caranya ya, di cari di market place ko gak ada, di ig juga gak ada"
244,244,Trending 1 nii Ci
245,245,Udah ketebak don bake shop yg juara atu emang endullll
246,246,Syelamaaat kak tasyii.. akhirnya trending 1 ya ges... Alhamdulillah.. seyamangaat teruuus kakak....
247,247,WE MADE IT!
248,248,WE MADE IT KAAKK SELAMAT YAA TRENDING 1 ğŸ‰
249,249,Betulll donebakes itu coklat bawahnya ketebelaaan udah nyoba..
250,250,Yg menang lg viral bgt don bakshop
251,251,Cara Beli by chi keik dimana ya?
252,252,Gw suka kalau dia udh review makanan ğŸ˜‚ğŸ˜‚ğŸ˜‚
253,253,Keren bangettttt
254,254,Battle ayam pop ada gaksih?
255,255,We made it
256,256,"Heavenlytest emang manis bgt isiannya jd eneg. Btw yg 125k itu tipis kecil bgt aku soalnya udah beli, kalo yg besar 315k ."
257,257,finally kak tasyiii trending 1
258,258,Trending 1 loh kak tasyi..
259,259,Tasyi made it ğŸ‰ğŸ‰ğŸ‰ğŸ‰
260,260,.
261,261,Selamat trending 1
262,262,We made it!!!! Aaaa
263,263,WE MADE IT ğŸ’«
264,264,"Walaupun gk bisa beli tapi sudah trwakilkan rasanya di video ini,mna yg endolita mana yg rasanya biasa aja.. mksh k tasyi.. â¤â¤"
265,265,Kakk tasyi battle kopi saset donggğŸ˜ŠğŸ˜ŠğŸ˜Š
266,266,gils don bakeshop ..keren
267,267,DON BAKESHOP UDH ADA LOGO HALALNYA BLM...RHUM NYA GIMN DI SANA???
268,268,"we made it kak tasyiiiiiiiiii. happy for youuuu...... argghhh dari jaman rambut masih pirang i nonton loh wkwkwkkw yok bisaa 5 juta subs 8juts subs 10juta subsss. mari kita rayakan setiap momentnya lavvvvv~~~~ btw i salah satu yg survive menghadapi gerd berkat video crystalline, secinta itu semua informasi dari video kak tasyiiiii."
269,269,Selamat atas trending 1 nyağŸ‰ğŸ‰
270,270,â¤â¤â¤
271,271,"Ka taciii keren banget trending 1, selamat ya kaa â¤"
272,272,waah trending 1ğŸ‰
273,273,Subtitlenya pas di menit akhir error kak ğŸ˜‚
274,274,ğŸ‰ ternding 1
275,275,"Congratss ka tasyi, tranding 1 ğŸ‰ğŸ‰ğŸ‰"
276,276,"Wihh keren bgt ka tasyi trending 1 woii, finallyyy yeayy"
277,277,We Made It
278,278,you deserve it kk tasyiâ¤ we made itğŸ¥°ğŸ”¥ğŸ”¥ğŸ”¥ğŸ”¥
279,279,semangat tasyiiiiiâ¤
280,280,Congrats ka tasyi ğŸ‰ğŸ‰
281,281,Gilee trending 1
282,282,Kak tasyi battle IKAN SARDEN dongssğŸ‰ğŸ‰ğŸ‰â¤â¤â¤
283,283,KA TASYII UDAH PERNAH BATTLE NUGGET BELUM? COBA BATTLE NUGGET DONG KAKKK
284,284,Wow trending 1ğŸ‰
285,285,CONGRATS TRENDING 1
286,286,"Ka kalau review makanan gojek, review flanana pisang ka, enak ka banana nuggetnya"
287,287,Ada recap nya ga sih ?
288,288,We Made it
289,289,Trending 1 menyalah banget â¤ï¸â€ğŸ”¥
290,290,we made it kakk
291,291,"Tranding 1 ,maasyaaAllah â¤"
292,292,kunafa sama kataifi itu sama?
293,293,"Wihhhh, kak tranding satu lohh"
294,294,We made it
295,295,Trending 1ğŸ˜Š
296,296,Slmt KK tranding 1â¤ğŸ‰ğŸ‰ğŸ‰
297,297,aaaa akun nya ketemu lagii udah lama kangen liat bettle nyaa tapi lupa akun nyaağŸ˜“
298,298,WE MADE IT
299,299,"Waaaah kak tasyi tranding 1, congrats kak â¤"
300,300,keren kak saya jadi gk sedih ma beli no 2 murah kali
301,301,"We Made it ğŸ’ğŸ’ğŸ’ğŸ’ğŸ’
Congratulation kaaa bisa tranding 1"
302,302,We made it!!!
303,303,WE MADE ITâ¤â¤â¤ğŸ‰ğŸ‰ğŸ‰
304,304,Menyala kak TasyiğŸ”¥ trending 1
305,305,ğŸ‰ congrats kak tasyiiii we made ittttğŸ‰ğŸ‰ğŸ‰ğŸ‰ğŸ‰
306,306,YANG PALING AKU TUNGGUIN!!!!ğŸ˜
307,307,We made it
308,308,ada yg tau ig bychikeik? mau mampir
309,309,"Yeayy kak, trending 1."
310,310,We made it trending 1 ğŸ‰â¤
311,311,Studio coklat udah pernah direview kak tasyi kan ya yang makanan viral ituu
312,312,We made it ka tasyiiiiii ğŸ‰ğŸ‰ğŸ‰â¤â¤â¤
313,313,Kakk coklat dubainya Becca bakehouse jga enak loh tolong di review dooong
314,314,MasyaAllah Tasyi...... Tabarakallah. Ntah apa aku aja disini yg nangis haru gara2 Tasyi trending 1. Ya Allah masyaAllah.... Selamat
315,315,PLISS KASIH TAU AKU GIMANA CARA BELINYAA GA NGERTII ğŸ˜­
316,316,Food blogger tebaik dan terjujurğŸ‰ğŸ‰
317,317,We made it kak tasyiiiiii
318,318,Becca's punya dong
319,319,Kiw trending 1
320,320,We made it....ğŸ‰â¤
321,321,Sukses selalu kk tasyi
322,322,Battle nugget dong kaaaak
323,323,Selamat kak tasyi..
324,324,"Trending kak Tasyi, no 1 ğŸ¥³ğŸ‰"
325,325,"Kataifi adalah bahan utama dalam pembuatan kunafa 
Kunafa adalah nama hidangan penutup dari timur tengah 
Jadi selama ini salah bilang isinya coklat Dubai adalah kunafa yg bener kata kak tasyi ini kataifi atau adonan pastry yg diiris tipis seperti bentuk bihun"
326,326,number one #1 kak tasyi terrrterr pokoknya mah
327,327,we made itâ¤
328,328,"Kak tasyi mah chef sih
Bukan lg home cooking queen
Angkat tangan
Keren banget lidahnya
Plg jenius dari semua yg aku kenal
Tetep humble ya kk"
329,329,ğŸ‰ğŸ‰ğŸ‰ğŸ‰ we made it â¤ selamat trending 1 kak tasyi di tengah2 perbolaan yg panas ğŸ˜ŠğŸ˜Š
330,330,"sebenarnya aku ga suka makan coklat2an, cuma seneng aja liat battle makanan nya ka tasyi wwkkwk"
331,331,trending satuuuu
332,332,Kak tasyi trending 1 ğŸ˜
333,333,Yesssss congratss tasyiii
334,334,we made itâ¤ï¸â¤ï¸â¤ï¸â¤ï¸
335,335,Di akhir sub nya ga singkron
336,336,wahhhh trending satuuuğŸ‰ğŸ‰ğŸ‰ğŸ‰
337,337,donbake beneran enak bgt sihğŸ¤©
338,338,We Made it â¤
339,339,We Made itğŸ‰ğŸ‰
340,340,We made it! Tranding 1 wuhuuuuu
341,341,Aaa selamat ka tasyii tranding 1â€¦semangat teruss yaa bikin konten nyaâ€¦ teruslah berbuat baikâ€¦ seneng banget ngeliat konten2 kakaâ€¦ lopyuuuâ¤â¤ğŸ‰ğŸ‰ğŸ‰ğŸ‰ğŸ‰
342,342,"yah beccaâ€™s ga masuk, dia juga bnyak yg review lebih enak dri donbakes"
343,343,trending no. 1 kakk
344,344,finally congrats ka tasyiiiii! you made it!ğŸ«¶ğŸ»âœ¨
345,345,Battle makanan terbaik emang cma kk tasyi penilaiannya bener2 jujur dan jelas wajar jdi tranding 1
346,346,Battle mie mie rasa koreanan dong kak samyang atau sedap korean korean gitu biar dapet yang harganya affordable tapi enak
347,347,Alhamdulillah kak
348,348,trending 1ğŸ¥º WE MADE IT!!
349,349,trending 1 ciii
350,350,We made it guyss
351,351,seruuuuw bgtğŸ¤©
352,352,Tumben trending 1
353,353,we made itğŸ©µ
354,354,Moq bs sedetail itu sih k tasyi mantepp bgtğŸ‰ğŸ‰ğŸ‰ğŸ‰
355,355,"Kak review merk keju mozarella dong, semua merk keju mozza kak"
356,356,"Kak review merk keju mozarella dong, semua merk keju mozza kak"
357,357,"Kak review merk keju mozarella dong, semua merk keju mozza kak"
358,358,by chi keik beli dimana ya? nyari kok gak ketemu
359,359,"We made it ,Selalu suka kalau ka tasyi buat konten battleâ¤"
360,360,Udah aku tebak pasti yg juara 1 don bakeshop soalnya liat review orang2 kaya enak bgt daripada fix dubai aslinya
361,361,trending 1ğŸ‰
362,362,"our queen of home cooking congrats tranding 1 nyaa, ""WE MADE IT"""
363,363,SERING SERING BATTLE LAGI KA !!!
364,364,Trending 1 ğŸ‰ğŸ‰ğŸ‰ğŸ‰
365,365,WE MADE IT!!!!!!âœ¨âœ¨âœ¨ Congratsss kaaaaaa trending 1ğŸ¥³ğŸ¥³ğŸ¥³
366,366,kaa buat lagi dong battle makanan terendah dan tertinggi
367,367,wiihh trending 1ğŸ¤©
368,368,We MADE IT
369,369,Selamaaat taciiiiiâ¤â¤â¤â¤
370,370,Wow trending 1 kak tasyi
371,371,WE MADE ITğŸ’ªğŸ»â™¥ï¸â™¥ï¸â™¥ï¸
372,372,Trending 1 kak
373,373,jadi ngilerrrrr
374,374,Battle martabak asin dan martabak manis
375,375,"We made it
Keren ka tasyi
Treeeending 1"
376,376,Horeeeeeeee WE MADE IT
377,377,WE MADE IT
378,378,WE MADE IT
379,379,WE MADE IT
380,380,WE MADE IT
381,381,We Made It
382,382,Ya nomer 10 bisa jd fomo fomo tok
383,383,We made it kak tasyi .......ğŸ‰ğŸ‰
384,384,Bikin ngiler aja nih konten... ğŸ˜‚ğŸ˜‚
385,385,we made it kak tasyiğŸ¥° congratssssssâ€¼ï¸ğŸ’¥
386,386,WE MADE IT
387,387,TRENDING 1 KAAKKK ğŸ”¥ğŸ”¥ğŸ‰ğŸ‰ğŸ‰
388,388,Tranding 1 waahhhh congratsss kakak cantikkkk Tasyi Athasyia
389,389,battle keju kak
390,390,Keren tasyi
391,391,Wah trending 1
392,392,barakallahu ğŸ‰ğŸ‰ğŸ‰ğŸ¥³ Trending #1
393,393,Coba battle nugeet kak TASYIII PLEASEEEE
394,394,Ka you did it luvv semangat selalu sangat di tunggu vidio battle selanjutnya ğŸ¥¹ğŸ’ªğŸ»ğŸ’–ğŸ’–ğŸ’–
395,395,We made it ğŸ‰ğŸ‰ğŸ‰ yeaaayyy selamat kak tasyi
396,396,"Selalu puas nonton battle kak Tasyi tuu, detail dan pembawaan kak Tasyi emang asiikkk, sukses terusss ya kaaak"
397,397,Waahhh tengkyuuu reviewnyaa kak tasyi
398,398,"bangga!! congrats kak tasyiii. kebayang bgt lagi semua rasanya deskripsinya, jadi bener2 penasaran rasa juara satu nyaaa ğŸ’š"
399,399,"Tasyi menghidupkan brand lokal.
We made it
 Congrats ya"
400,400,"MasyaaAllah alhmdulillah, barakallahu fiik kak tasyi ğŸ¥°ğŸ¤—ğŸ«¶ğŸ»ğŸ’•
Kak Tasyi luar biasa! food vlogger yang selalu menghadirkan konten yang inspiratif dan seru, aku nggak pernah terlewat untuk nonton setiap video di channel YouTube kak tasyi. Terus berkarya dan tetap jadi sumber inspirasi buat banyak orang! Kak tasyi pantas banget jadi trending nomor satu, semangat terus! ğŸ”¥ğŸ¤—ğŸ’•"
401,401,"We made it kak tasyiii, dengan segala huru hara youtube akhirnya pertama kali trending 1ğŸ‰"
402,402,Warnax kyk tai kuda ...itu apa ya
403,403,ğŸ˜‚udah ketebak nomer 8 donbake shop dari paltingnya
404,404,"We Made it kak Tasyiii, selamat yaaa"
405,405,We Made it â¤
406,406,WE MADE IT â¤
407,407,WE MADE IT!!!! ALHAMDULILLAAHH
408,408,akhirnya trending satuuuu!!! omggy
409,409,WE MADE ITğŸ”¥
410,410,"We made it, kak â¤"
411,411,WE MADE IT ğŸ‘ğŸ¼ğŸ‘ğŸ¼ğŸ‘ğŸ¼ğŸ‘ğŸ¼ğŸ‘ğŸ¼
412,412,WE MADE IT GUYSS ğŸ‰ğŸ‰ğŸ‰ğŸ‰ğŸ˜­ğŸ˜­ğŸ˜­â¤â¤â¤â¤
413,413,WE MADE IT
414,414,We made it ğŸ‰
415,415,congrats ka tasyiiiiâ¤ WE MADE ITğŸ‰ğŸ‰ğŸ‰ğŸ‰ğŸ‰ğŸ‰ğŸ‰ğŸ‰ğŸ‰
416,416,WE MADE IT ğŸ‰ğŸ‰ğŸ‰ congrats kak Tasyi
417,417,We made itâ¤â¤â¤
418,418,ğŸ‰ğŸ‰ğŸ‰ğŸ‰ğŸ‰
419,419,"Yeay, we made it!! Ngikutin banget ka Tasyi dari dulu. Akhirnya berhasil #1 trending ya ka. Congrats!"
420,420,"""WE MADE IT"" ğŸ¤²ğŸ»ğŸ©·"
421,421,Mau nyoba cokelat dubai nunggu battle ka tasyi dulu ğŸ¤£
422,422,Ka Tasyi lovely
423,423,WE MADE ITğŸ‘ŒğŸ»ğŸ‘ŒğŸ»â¤
424,424,We made it
425,425,â€œWE MADE ITâ€
426,426,cii selamatt urah trendinh 1 ğŸ‰ğŸ‰ğŸ‰
427,427,Omggg trending 1â¤â¤
428,428,â¤
429,429,keren
430,430,We Made It. Congratsss kak tasyiiiiiiâœ¨âœ¨ğŸ«¶ğŸ¼ğŸ«¶ğŸ¼ğŸ”¥ğŸ”¥
431,431,We Made It
432,432,"Guys untuk kiting cake ada kesalahan penulisan harga yaa.. harusnya harganya 195.000 bukan 360.000

Mohon Maaf atas kesalahan penulisanyaa

ğŸ™ğŸ»ğŸ™ğŸ»"
433,433,mahkluk seperti ini bisa trending memang menjijikan
434,434,MasyaAllah Trending 1 â¤ğŸ‰
435,435,"Yang paling berkuasa mengatur seluruh dunia  &  akhirat adalah Pencipta Dunia.
(semua manusia di seluruh dunia diciptakan oleh Pencipta yang sama.   Tapi di dunia ada banyak      agama      &   aliran kepercayaan serta ada juga yang atheis.      Siapakah Pencipta manusia    &   dunia ?   Banyak orang mengakui bahwa Pencipta Dunia  itu antara lain    :    Maha  Kuasa ,  Maha  Kasih.    Maka Pencipta Dunia memberitahu siapa diriNya,  pasti dengan cara yang sangat / paling mudah.    Supaya manusia bisa dengan sangat mudah juga mengetahui Pencipta manusia).
       Pemilik  Dunia  =  Pemilik  Akhirat
   Pengatur  Dunia  =  Pengatur  Akhirat

( kalau pemilik rumah,  paling berkuasa  mengatur  +  buat  peraturan  untuk orang - orang yang menghuni / mengontrak rumahnya )"
436,436,"Pemilik  Dunia   =   Pemilik  Akhirat
       Pengatur  Dunia  =  Pengatur  Akhirat

Ada 5 hal yang berlaku di seluruh dunia  
( international )   :
1] Bahasa international = bahasa inggris,  dari inggris percaya kepada Allah bernama Tuhan YesUs : Pencipta Dunia.
2] Mata uang international = US $  dari amerika serikat percaya kepada Allah bernama Tuhan YesUs : Pencipta Dunia.
3] Kalender international=kalender tahun masehi. Hari ini  31 januari 2023 masehi
(masehi=Mesias=Tuhan YesUs).
4] Lagu  kebangsaan = semua negara harus punya lagu kebangsaan. (lagu kebangsaan Indonesia : Indonesia Raya)
Cara beribadah umat kristen, ada : lagu.
5] Keselamatan = hal - hal   keselamatan untuk manusia yang dipakai hampir diseluruh dunia  (international,  pakai bahasa international : bahasa inggris) =
zebra   cross,  do not   cross   police line,
red     cross    international   :      palang     merah    international."
437,437,We made itğŸ‰ğŸ‰
438,438,WE MADE IT!!
439,439,Kkk battel keju dong yang ada di minimarket ğŸ«¶ğŸ»ğŸ¥¹
440,440,Semangat kakkâ¤â¤
441,441,Trending 1 dong
442,442,We Made It
443,443,Kak taciii trending 1 !!!!
444,444,WE MADE IT
445,445,we made it
446,446,"WE MADE IT, selamat kak ğŸ‰â¤"
447,447,"We made it â¤
Congratulation tranding 1ğŸ‰"
448,448,sudah kuduga pasti yang juara don bakeshop
449,449,MasyaAllah alhamdulillah selamat kak tasyi trending 1 ğŸ¤—ğŸ¤—ğŸ¤—
450,450,tumben openingnya kek template ppt canvaaağŸ˜­ğŸ˜­ğŸ«µğŸ»ğŸ«µğŸ» sp yg setujuuuuğŸ™†ğŸ»â€â™€ï¸ğŸ™†ğŸ»â€â™€ï¸ğŸ™†ğŸ»â€â™€ï¸
451,451,We made it
452,452,akk akan banyak2in komen supaya naikin engagement kakaa
453,453,suka suka sukaaa
454,454,seru bangett
455,455,WE MADE IT... ğŸ‰ğŸ‰ğŸ‰
456,456,We made it
457,457,"kok bisa sih jual 100rban... pistachio aja per kg udah mau nangis,.belum coklat, kataifi. profit 10% kah?gilaa rodi banget T.T"
458,458,Tranding #1 ka tasyi â¤
459,459,yayy congrats ğŸ‰
460,460,WE MADE ITâ¤â¤â¤ğŸ”¥
461,461,"""We made it "" kak tasyi always gercep klu. ada konten baru semua kontennya bagus dan sll jd favorit semangat kak tasyi makasih buat stiap usahanya we love u alwaysâ¤â¤ğŸ‰"
462,462,WE MADE IT KAK
463,463,We made it â¤
464,464,Trending 1
465,465,congratsss ka tasyiii trending 1 ğŸ¥³ğŸ¥°
466,466,"Kak tasyiii, u made itğŸ‰ğŸ”¥âœ¨ğŸ’–"
467,467,We made it kak tasyiâ¤â¤
468,468,We made ittt . Mangat tasyiiiâ¤
469,469,"Weee madeee itttt,congratsssss ciiiii â¤â¤â¤â¤"
470,470,selamaaaad kak tasyiii u made it!!!
471,471,"WE MADE IT â¤â¤â¤â¤
selamat ya ka tasyii akhirnya bisa tranding 1 juga,, suka banget sama semua konten* kaka semoga suatu saat bisa ketemu dan fotbar sama ka tasyi ya... 
love u k tasyi"
472,472,SELAMAT KAAAAAAAA!!! TERHARU LIATNYA ğŸ˜»
473,473,Masyaallah Trending 1 ğŸ”¥ğŸ”¥ğŸ”¥
474,474,"subtitel nya cba ganti bahasa inggris ka, biar bsa diliat negara lain jga sih mnrtku..."
475,475,Tapi jujur selera tasyi tuh selera gua bangettttttğŸ¥°ğŸ¥ºğŸ˜ğŸ¤
476,476,WE MADE IT KAK TASYI ğŸ‰â¤ AKHIRNYA PECAH TELOR JUGA ğŸ˜­ğŸ’—ğŸ’—ğŸ’—
477,477,We made it â¤
478,478,Alhamdulillah trending no 1... Jumat 22 November 2024ğŸ‰ğŸ‰ğŸ‰ Allahumma barrik ğŸ’ğŸ¤²ğŸ»
479,479,WE MADE IT!!!!
480,480,"WE MADE IT KAK TASYIIIII, congrats ya kak ikutan terharu inget dlu gimana susah nya kak tasyi mau trending dgn views yg udah banyak ituh ğŸ¥º semoga kedepan nya makin sering trending ya kak, WE MADE IT ğŸ’–ğŸ’– ditunggu battle selanjutnya kak ğŸ¤—"
481,481,battle siomay/shumai ka tasyi :3
482,482,"Kak next wajib banget battle nasi goreng, ketoprak, sate ayam"
483,483,â¤â¤
484,484,We made it!! Tim gapernah skip walaupun tinggal diluar negeri gabisa cobain apapun yg direview tp buat ku yg suka masak demen bgt nontonnya apalagi smbl makan luvvv semangat trs taciii
485,485,"ka, kaka hebag! Masha Allah â¤"
486,486,Keren
487,487,"Review ter-profesional dari awal coklat viral ini muncul. Gak cuman ""kemanisan,biasa aja,ngacang,worth gak worth.""
Dan dari sekian banyak reviewer,cuma di tasyi yg notice ada rasa,and bahan ""Tahini"" .
Good job tasyi ğŸ‰"
488,488,By chi keik itu ig nya apa yaa?
489,489,"Detail banget jelasinnya , keren Tasyiiiiii"
490,490,Disuruh komen â€œWE MADE ITâ€ sma kween ğŸ‰
491,491,Omaygaaad
492,492,Wi mid it
493,493,kak kamu keren bngt luvvvv
494,494,Battle Mayonnaise pleaseeee
495,495,kaa battle dark/milk coklat lokal dongg
496,496,We made it
497,497,"sumpah 1 selera sama tasyi banget parah, donbakeshop tuh emg gurih asin2 gitu isian kunafa nya jadi enak bgttt coklatnya jg ga manis AH POKOKNYA 100% buat tasyi thanku dah battle-in"
498,498,Congrats k tasyiii dah trending satu aja video battle coklat Dubai nyağŸ‰ğŸ‰ğŸ‰ğŸ‰.. Moga sukses terus ya kk
499,499,WE MADE IT
500,500,Trending 1
501,501,ğŸ‰ğŸ‰ğŸ‰ğŸ‰ğŸ‰ğŸ‰ğŸ‰
502,502,ğŸ¥°ğŸ¥°
503,503,Ka yg juara 2 nama ig nya apa ya ko nyari gak nemu sediiiihh dehğŸ˜¢
504,504,You made it Mimaaa.. Congrats for trending 1.. Semoga sukses terus dan makin melejit yah mimaaaa..ğŸ‰
505,505,"aku percaya banget sama lidah kak tasyi, dan coklat studio cokelat beneran enak. pas kak tasyi review waktu itu aku langsung beli dan beneran enak enak banget."
506,506,Kereeeeennnnâ¤â¤â¤â¤â¤
507,507,"Yaampun akhirnya konten battle lagii fav banget, btw kemarin ada yg katanya review coklat dubai rekomendasi kak Tasyi tpi punya dia malah zonk yg harganya 90an"
508,508,WE MADE IT
509,509,"We made it ka tasyiiiiiiiiğŸ¥ºğŸ«¶ğŸ»
MASYAALLAH TABARAKALLAHHHHH"
510,510,Alhamdulillah #1 sukses selalu Tasyi
511,511,We made it ğŸ‰
512,512,KAK TASYIIIIIII WE MADE ITâ¤â¤â¤â¤â¤â¤â¤
513,513,"Selamat kak, trending 1ğŸ‰"
514,514,kak tasyiii di video ini cantikkk polll
515,515,Banyakin video battle kak tasyi ğŸ˜˜
516,516,Trending 1 dongsssssssssss kaaaağŸ¥°
517,517,TRENDING NO 1 KAAAAAAA BARAKALLAH ğŸ¥³ğŸ¥³ğŸ¥³ğŸ’—ğŸ’—ğŸ’—ğŸ’—ğŸ’—ğŸ’—ğŸ’—ğŸ’—
518,518,Sering2 ya kaa bikin video batlle gini. Suka bgttt
519,519,udah nebak banget yang nomor 8 ğŸ¤£ğŸ¤£
520,520,Trending #1 ka tasyiğŸ‰ finally..wow semangat ngonten nya kağŸ˜€
521,521,Trending 1ğŸ‰ğŸ‰ğŸ‰ğŸ‰
522,522,kereenn
523,523,Mana Revisi harga salah 1 brand coklat yg bakal di pin ??
524,524,Trending1 dongggg
525,525,"tiap upload video battle pasti trending + viewers nya banyakkk, sering"" upload battle lagi ka tasyii, semangat!!!"
526,526,Nagihh bgt kli Tasyi yg review ğŸ˜…ğŸ˜…
527,527,Beccaâ€™s gak ada di list yaaa ? Atau malah yg terakhir itu????
528,528,NAHHHHHH ini maksudnya kalo jd food vlogger. jelasinnya bener bener detail. penilaiannya juga objektif
529,529,Request battle bubuk matcha kakkk!!!!!
530,530,bakso dong kak tasyi
531,531,Wow trending loh ğŸ™ŒğŸ¼
532,532,"Kak tasyi battle donat dong yg lg viral ada donat dore, donat bahagia"
533,533,Battle donat dong kak
534,534,beli nya dimana siii yg by chi keikk
535,535,Wow trendingğŸ˜
536,536,By chi keik beli dmn ka?
537,537,"Suka bgt konten battle ini karena review nya bener2 detail dan jujur,ga cuma enak2 ajağŸ˜‚ ditunggu battle berikutnya kak tasyiiiiâ¤"
538,538,"Seru bgt ka tasyi, sering2 yaaa bikin battle mood bgtğŸ˜†ğŸ¥°"
539,539,"21:30 ""white coklaaat~â˜¹"""
540,540,yeayyyyy trending 2
541,541,Trending ....
542,542,"Kak km di sini cantik bangett,, suka deh liat nyaaağŸ˜…"
543,543,Pipiltin enakk juga.. ak suka krn tipis lapisannya. Sm nyobain fix  tp B aja.. ğŸ˜‚
544,544,BUAT JASTIPERS DON BAKESHOP TOLONG JGN AJIMUMPUNGğŸ˜­ğŸ˜­ğŸ˜­
545,545,â¤â¤â¤â¤â¤â¤â¤â¤
546,546,Kak tah knpa senang aja lihat konten kkğŸ¥°
547,547,"Hahahha, baru banget kmrn iseng beli di Don Bakeshop Gara2 mas2 yg jaga jadinya beli yg pistachio dan hazelnuts. Tapi Emang enak  sih ğŸ˜"
548,548,"Sukses selalu kak tasyi, anggap aja haters jadi ladang pahala kakak ğŸ˜"
549,549,"Channel kak tasyi lagi ada di my top 3 favorite food vlogger at this moment seriusanğŸ˜ beneran semua konten aku tonton semua padahal sebelumnya cuma naksir kalo lagi battle ajaa, dan akhir akhir ini jadi suka masak-masak"
550,550,WAH TRENDING 2 KAK
551,551,UDAH NEBAK DULUAN YG NOMOR 8 DON BAKE SHOP WKWKKWKW
552,552,Bettle tepung bumbu kakk
553,553,kak battle keju minimarket dongsss
554,554,Kak tasyi kolab sama ria sw dong
555,555,Selamat kak tasyi trending dong
556,556,Congrats ka tasy trending 2 Semoga bisa trending 1 kak. Akhirnya yahhhh â¤
557,557,Trending 2 kakkk
558,558,"Untuk mencegah obesitas, Anda bisa menerapkan beberapa tips berikut:
Mengatur pola makan: 
Hindari minuman ringan dan bersoda 
Batasi konsumsi jus buah 
Kurangi konsumsi karbohidrat kompleks seperti nasi, roti, jagung, kentang, dan sereal 
Pilih alternatif karbohidrat yang lebih rendah kalori, seperti beras merah, kacang-kacangan, biji-bijian utuh, dan gandum utuh 
Konsumsi berbagai jenis sayuran, terutama yang berwarna hijau 
Konsumsi buah-buahan yang berwarna cerah seperti jeruk, mangga, dan pepaya 
Beraktivitas fisik: 
Lakukan aktivitas fisik secara rutin minimal 30 menit dalam sehari 
Olahraga yang disarankan untuk penyandang obesitas dapat dimulai secara perlahan dan sedikit demi sedikit 
Mengurangi stres: 
Berpikir positif dan mengenali emosi makan 
Menimbang berat badan secara teratur 
Tidak merokok dan minum alkohol 
Hindari tidur setelah makan"
559,559,Paling suka episode batleâ¤ banyakin video batle ka tasyiğŸ˜Š
560,560,Kenapa makin ke sini reviewnya makin keliatan ketebak ya........ğŸ˜¢
561,561,"Battle coklat bubuk, please ğŸ˜­"
562,562,"Kak, cobain yg coklat dubai nya becca.. kata jerome enak becca dripada Don.."
563,563,Ka trending congrats yaaaaâ¤
564,564,fav contentâ¤â¤
565,565,INI YG AKU PERLUKAAAN HOREEE SEBELUM SALAH BELI HAHAHHA
566,566,trending 3 wuikkhhhğŸ‘ğŸ»ğŸ‘ğŸ»ğŸ‘ğŸ»
567,567,becca sm moodybaker enak mana ya gaes?
568,568,Kak tasyi battle kopi sachet dong...udah pernah blm yaaa ?
569,569,"1 thing yang gue notice banget, di video battle kali ini kak tasyi aktif bgt ngasih masukan utk coklat2 yang ""gak masuk selera"". beda ga kaya battle2 sebelumnya wkwk. good job!"
570,570,yah kok ga ada becca bake house :(
571,571,Pistasyo sm kataifi tu apa?
572,572,Nah ini
573,573,Battle esteh jumbo 3 ribuan dong kak
574,574,ini dia yang ditunggu2!!
575,575,"TANTEH,.... mndg di nomernya buat smcam sticker, sertakan merek (logo) dan harga. jd ga prlu nanya2 ke teamnya,... begono,.. jd moment of truth, pas dikletek, kaget sndri, liat merek & harganya,..."
576,576,Dari kemarin di tungguin kakkk â¤â¤â¤
577,577,Review burn cheesecake yg paling enak siapa tau ada yg ngalahin yg di blok m
578,578,Battle antar UMKM ajah lebih seru tapi apa ya??
579,579,Kak review indomi premium yg japang n korea
580,580,ka nyobain dimsam Jinji sama pentol maudy
581,581,"semua jenis kulit manusia itu bedaÂ², jadi otomatis yg di jadikan BA itu juga orangÂ² yg kulitnya memang dah bagus."
582,582,"Congrats yaaa Don Bakeshop ğŸ‰ğŸ‰ğŸ‰ â¤
Pas spill spill awal Don bakeshop bikin coklat Dubai tuh emang udah keliatan enak banget dan pengen banget banget beli. Tapi harganya bukan buat kaum mendang mending & misqueen kayak aku. Wkwkwk
Padahal kantorku deket ke kokas jalan kaki, tapi sampe skrng blm kebeli karena ga ada dananya untuk beli 1 coklat aja ğŸ˜‚ğŸ˜‚"
583,583,Vidio ini mahal banget nie ğŸ˜‚
584,584,Buset jastipnya mehonk amat yaaaağŸ˜…ğŸ˜…ğŸ˜…  mantap jadi juara 1ğŸ˜ŠğŸ˜Š
585,585,"Aku gak ngerti tahini dan kataifi ğŸ˜‚ jadi dijelasin aroma/rasa tahini dan kataifi gak ngerti 
Cuma kaget aja coklat begitu sampe 575 ribu ğŸ¤­"
586,586,Boleh ga sih durasi nya di panjangin kaaa sampe adek ali SMA haha
587,587,Ka tasy aga kurusan
588,588,Salfok liat kak tasyi makin cantik... masyaallahhhhh ğŸ˜ğŸ˜ğŸ˜ğŸ˜ğŸ˜
589,589,Kok disni harga yg coklat juara satunya yg 250gr cuma 100rb yg 120gr 50rb dan 50gr 35rb itu kira2 asli ga ya
590,590,Jdi kepi itu siapa yg gaenak
591,591,WOwwW TRENDING 4ğŸ˜
592,592,Yang battle battle begini yang paling ditunggu ğŸ”¥ğŸ”¥
593,593,MashaAllah kak tasyi semakin cantik â¤
594,594,Weezzzzz juara 2 dari bandungâ€¦ ğŸ˜ƒ gas belikk
595,595,coba mie ayam ami nikita Mirzani
596,596,"SAYANG UMKMâœ…
BANGGA PRODUK INDONESIA âœ…

ğŸ¥¹â¤ï¸â€ğŸ”¥ğŸ‡²ğŸ‡¨"
597,597,Suka banget sama battle
598,598,Wuah ğŸ˜ trending 4.. Barokallah
599,599,Akhirnya yg ku tggu
600,600,"Kalo segi makanan, aku percaya lidah kk tasyiiğŸ˜Š"
601,601,"Bener-bener super detail reviewnya. sampe tau ada rasa tahini, dan di jelasin sedetail itu tentang bentukannya tahini ğŸ˜Š  gak cuma sekedar ""pistasionya kerasa pistasio banget, coklatnya nyoklat banget"" 
KEREN kamu kak ğŸ‘ğŸ»ğŸ‘ğŸ»ğŸ¤—ğŸ¤—ğŸ¤—"
602,602,kak tasyii battle pempek
603,603,"Kak Tasyiii.. kerudungnya cakepp, beli dimana??"
604,604,The Moody Baker paling besssst ğŸ‰
605,605,Videoo yg ku tunggu2 battle revieww2 â¤â¤
606,606,BATTLE SAUS KEJU ğŸ‰
607,607,Subtitlenya kecepetan...
608,608,Miki ojisan juga bentuknya mirip studio coklat. Coba ka tasyiii review coklat dubai yg beluuum
609,609,Kak tasyi boleh kali ajak2 subcriber nyicipin makanan mahal hehehe
610,610,"ka tasyii coba review cimood/pentol maudy tiktokers,REVIEW JUJURRR â¤"
611,611,EDITOR! Tolong banget speed textnya disesuaikan ama video. wkwkwkwk
612,612,Battle keju dong ğŸ¥°
613,613,waduhh subtitle dibagian akhir ga passs tp tetep enjoy sih nontonnyaaaa
614,614,I like chocolate ğŸ˜Š hmm yummy
615,615,Ih ih kak tasyi mkin cntikâ¤
616,616,Aq pke hnh signature .. Kulit ku sawo mateng jd klo pke day cream ny ko jd abu2 yah pdahal dah pke 1 bulan ğŸ˜‚
617,617,"by chi keik beli dimana ya guysss help.. help..

btw kak tasyi thankyouu dah buat konten ini!!!ğŸ«¶ğŸ»"
618,618,Anjir don bakeshop udh rame tambah rame gara gara juara 1 ğŸ˜‚ğŸ˜‚ğŸ˜‚ğŸ˜‚ğŸ˜‚ğŸ˜‚ğŸ˜‚
619,619,Aku yang suka manis jadi pengennn bgt nyoba nomer 6!!!ğŸ˜
620,620,Sekarang editornya bisa ngelawak
621,621,ohoho akhirnya yg ku tunggu2 battle coklat dubai
622,622,"Tebak modal konten ini,,,totalitas bgt kak tasyiiâ¤"
623,623,"Kak tasyi batle sambel ulek sachet dong..
Aku bingung kalau mau beli sambal sachet ada aja yg bau2 pengawet aku nyebutnyagitu tapi gk tau bau apa gitu.
Ada gk ya sambel yg enak, rekomendasi kak tasyi gk pernah gagal dan satu selera sama aku,, mudah2an bisa nemu sambal sachet yg enak"
624,624,"Kak, bikin share resep dubai coklat nya dong.. yg kunaifanya bisa bikin sendri... ğŸ˜Š"
625,625,"Ka tasyi jualan please banget, pasti bom banget"
626,626,23:53 ğŸ˜‚ğŸ˜‚ğŸ˜‚
627,627,Kataifi dan tahini itu apaan si? ğŸ˜…
628,628,"BATTLE TEH CELUPPPP KAKK TASYIIIII PLLEEASEEE, BATTLE TEH CELUPP"
629,629,"BATTLE TEH CELUPPPP KAKK TASYIIIII PLLEEASEEE, BATTLE TEH CELUPP"
630,630,"BATTLE TEH CELUPPPP KAKK TASYIIIII PLLEEASEEE, BATTLE TEH CELUPP"
631,631,Mieeee ayam
632,632,penasaran yg  no 10 siapaa
633,633,Please bakso favorit ka tasyi dong
634,634,Kaya apa sih coklat dubay ..
635,635,"Kak, battle milk powder dong. Kalau lagi buat kue, masih mencari-cari susu bubuk yang oke :)"
636,636,By chi keik itu belinya dmna info dooong
637,637,Tolong editor hasil video nya di perhatiin lagi asli dahğŸ˜¢
638,638,Kak battle keju plise sama saus kejuuuuu
639,639,Resep kunafanya kak
640,640,anjay soto bgt lagian nge review akhirnya malah dubai coklat yg asli ga peringkatt
641,641,KEMANA AJA KAK TUMBEN BARU NONGOL KONTEN BATTLE NYA EHE âœŒï¸ğŸ™
642,642,"Nmr 8, udh ketebak don bakeshop....karna lebih mengkilat coklatnya"
643,643,harusnya pak ka tasyi ngmg tahini ky wijen putih gt. itu editor search google kek bentukannya kek gmn taro di videoinya. org kan jg penasaran
644,644,"Udah nyoba Don Bakeshop emang enak banget. Rasa coklatnya ga murahan. Kalau ga dimasukin kulkas asinnya lebih nusuk, jadi mending masukin kulkas dulu, jadi balance banget."
645,645,NgakakkğŸ˜­ğŸ˜­ğŸ˜­yang pencetusnya sendiri ga menang
646,646,Battle chicken nugget dong ka tasyi plzzzzz
647,647,Yang mau Dubai coklat 20 ribuan komen
648,648,KAK TASYIIII cobain coklat dubainya Becca's kakkk pls notice
649,649,Aku juga pakeeee...ğŸ‰ğŸ‰ğŸ‰ğŸ‰
650,650,Sourdough donbakeshop itu enak banget kak.. you must try it
651,651,Yang ditunggu tunggu akhirnya....
652,652,Battle nugget dong tasyiii
653,653,yang ditunggu tunggu â¤
654,654,"Kak, mungkin nnt cobain Becca's bake shop, pengen tau reaksinya kak tasyi"
655,655,"konkaya kecil gitu ya gambarnyaaa, apa hp gue yg bermasalah ya huhu"
656,656,Ya allah ka tasyi udah battle aja.. Nyicipi merk satu be belumğŸ˜‚ğŸ˜‚ğŸ˜‚
657,657,"KAK Review SAUS EXTRA PEDAS, SAUS KEJU, MENTEGA"
658,658,penasaran klo beccaâ€™s ikut pdhl itu enak bgttt
659,659,Kak gara2 kamu aku langsung beli di jastip yg don bakeshopğŸ¤£
660,660,ğŸ‰ğŸ‰ğŸ‰
661,661,"KAK OMG aku kmrn pengen bgt nonton battle coklat dubai kak tasyi, pas dicari di channel kakak ternyata ga ada. Happy bgttt pas liat hari ini kakak up video battle coklatnya â¤â¤â¤ğŸ˜­"
662,662,lezatnya
663,663,Harusnya masukin produksi amyandcake juga kak.. penasaran rasanya ğŸ˜
664,664,Maa shaa Allah.. Ka tasyi makin cantiikkğŸ˜Š
665,665,l
666,666,"Kayaknya aku bakal suka sama yg nomor 1 deh karna kayak ringan gitu dimakannya kecil"", isiannya ga manis jadi ga mahteh ga enek."
667,667,Kakkkkkk resep coklat dubai dong kk
668,668,Udah ketebak sih pasti Don bakeshop yang menang soal nya kriteria nya ada semua di kak tasyi cuma ternyata pipiltin nggk masuk top 3 ğŸ˜‚
669,669,"Kalau sudah kebanyakan bgini berarti bukan cokelat dubai lagi, soalnya bukan dibuat dari sana ğŸ˜"
670,670,Juara umum nasionalğŸ˜‚
671,671,Perfecto marito saudaranya anggi maritoğŸ˜…
672,672,Nnton doang beli kagk wkwk
673,673,Punten salfok kak tasyi kurusanğŸ’“
674,674,Kak battle masakan sunda udah belum?
675,675,Harusnya ada di prank sama yg coklat bihunğŸ˜‚
676,676,KONTEN YANG PALING KU TUNGGU TUNGGU. LUV POKOKNYAâ¤â¤â¤â¤
677,677,kapan ada mabar with tasyi lagii kaaa ??!! ğŸ˜
678,678,NO 4 DON BAKE GA SI
679,679,Akhirnya battle jugaağŸ‰
680,680,"Dari yang cuek dengan coklat Dubai, jadi kepengen wkwkwk"
681,681,Yg tau toko oren/ig nya by chi keik plasee komen kasih tau dong nyari2 ga nemu ğŸ˜­
682,682,Temen gua sok sok an jualan dubai coklat homemade. Belilah kami dgn niat support. Pas gigit kok rasa matchağŸ˜­ğŸ˜­
683,683,Temen gua sok sok an jualan dubai coklat homemade. Belilah kami dgn niat support. Pas gigit kok rasa matchağŸ˜­ğŸ˜­
684,684,Selamat ya Don bakeshop ğŸ‘ğŸ‘ğŸ‘
685,685,Don bakeshop nomer 8 piring nya tapi juara 1
686,686,"Battle nugget ayam plis ka tasyi, aku ibu2 paling galau kalo beliin anak nugget ğŸ˜­ kadang yg mahal belum tentu enak"
687,687,PLISSS KA TASYI BATTLE BAKSO AFUNG SAMA BAKSO BONDAN SOLO YANG LAGI HITS DIMELAWAI BLOK M
688,688,Kek ny coklat pertama kak tasyi udah pernah coba deh di postingan 3 bulan lalu
689,689,Kak battle ramen dong
690,690,KA Tasyi emang SeTulus itu pengen memajukkan UMKM Lokal tidak di pengaruhi pihak manapun.. â¤â¤
691,691,Kataifi tu apağŸ˜¢
692,692,Akhirnya!!!! Battle keju dong kak tasyiâ€¦
693,693,aihhh yg ditunggu tunggu coklat dubai lokal ala kak tasyi â¤ï¸ğŸ˜†
694,694,Astagaaaaaa.. outfitnya di senadain ama apa yg mau di review ya kak tasyi wkwkwkkkw
695,695,"Ini variasi konten yang paling di tunggu2 si selain konten review resto , sampai rewatch episode battle yg lama saking kangennya .... Sukses selalu ka Tasyi n crew ğŸ‰ğŸ‰"
696,696,Battle pure matcha kak yg benerÂ² pure hehe
697,697,Ngelembab pin kak bukan ngelembab binğŸ˜Š
698,698,Aku mala de awal pas ngeliat corak coklatnya udah bisa nebak kalau yg no 8 itu don bakeshop .. eh gak taunya juara 1 ğŸ‰ğŸ‰
699,699,"Hayyy kak tasyi sayang , semoga selalu sehat selalu sekeluarga ya kakâ¤ï¸"
700,700,Sebenernya dari dulu suka banget ma video battle kak tasyi.. skrg lebih sopan karna umkm ditutup
701,701,Huhu syg bgt beccas ga masukk pdhl ktnya enak bs ngalahin don;(
702,702,By chi keik belinya dimana
703,703,"ka tasyi coba bikin battle semua varian nextar dari nabati, kalo aku sukanya yg biskuit tngh nya ada coklat berbentuk bintang"
704,704,"Team yg mau beli makanan2 viral, nunggu kak tasyi review dulu â˜ğŸ»"
705,705,yang ditunggu-tungguuu
706,706,kak tasyi disini mirip mamariğŸ˜…
707,707,Ka tasyi battle sate padang dongğŸ‰
708,708,Tasyi jastip sama siapa sampe 520rb ğŸ˜­ gile yg jualan mo haji furoda kali yee jahat bgt
709,709,Battle kukis sultana dong jeunk tasyi..â¤
710,710,Gaess layar hp gua yg rusak apa emng video nya ya yg terlalu cerah gitu . Bikin sakit mata
711,711,NUJUM GW BENER WKWKWK
712,712,Ngileerrrr...
713,713,Akhirnya dapet insight rasa coklat dubai sblm icip ğŸ˜Š
714,714,By chi keik beli dimana yaa
715,715,Hnh emang se worth it itu sih..apalagi  kalo habis pake itu terus make up an..awet..tp ada harga ada kwalitas lah...
716,716,yg ditunggu* vlognyaâ¤ Katasyi recook coklat dubai versi lowbudget dong ğŸ˜®ğŸ˜…
717,717,Akhirnya keluar juga ni battle per cokklat dubai-an. next battle in keju cheddar kakkk
718,718,Kak review ayam goreng bu tumbar by hangry itu dongg
719,719,battle bakso kak tasyiii
720,720,Dubai coklat
721,721,"Hahahaha akhirnya video ini ada, krn percaya bgt lidah kak tasyi ğŸ˜"
722,722,yaampun habis brapa duit ini
723,723,maoooo
724,724,"kak klo bisa ganti dong backgroundnya, kalo warna putih terang gini, ganyaman bikin silau banget ke mata"
725,725,Waw mahalÂ² beudd sih tapi pengen coba. Tapi yg fix brand itu yg viral y
726,726,juara 1 sih paling enk 2x beli coklat itu endul
727,727,battle cheesecake kakkk
728,728,Kk sama tambhin facial gk diluar??
729,729,Finallyâ¤ğŸ˜Š
730,730,NEXT BATTLE KEJU
731,731,"Liat kak tasyi ngejelasin makanannya, jdi bisa ngebayangin gmn rasanya. ğŸ¤¤"
732,732,Food vlogger terbaik se indonesia ada TASYI. Bisa deskripsiin rasa sedetail itu sampe teknik2 masaknya dia tau omaygad ğŸ˜‚ğŸ˜­
733,733,Battle wafer dong kak
734,734,Battle keju kaakkk
735,735,Don bakeshop makin antri habis ini wkwkwk
736,736,"BATTLE PERKEJUAN KAAAAA, KEJU CHEDDAR KEJU SLICE KEJU MOZA, TULUNG BANGET AKU PENASARAN !"
737,737,Gak salah emang don bakeshop antrinta kaya orng gila wkwk. Congraatssss.
738,738,Battle batagor atau baso tahu udah belum yaaa
739,739,maaciiy banyak kaa tasyiii honest reviewnyaaağŸ’“ğŸ’—ğŸ’–ğŸ’˜ğŸ’
740,740,anjir jastip don bakeshop 2x harga asli mahal bgtt
741,741,"Baru aja kemarin komen request battle coklat dubai, ehh udah ada aja videonya.. Makasih kak tasyi dan team sukses teruss buat kita semua ğŸ™ŒğŸ»"
742,742,"Kk Tasyi Thankyouu! Btw brand Chi Keik itu punya adik ku, UMKM indonesia maju terussssğŸ«¶ğŸ«¶ğŸ«¶"
743,743,Duh aku pernah kerja di pipiltin cocoa.. halo mas irvan.. mbak tissa..
744,744,Battle ramen
745,745,"Sering sering kakaaa bikin video battle
Selalu excited kalo ada video battle kak tasyi...."
746,746,"Setelah berkaliÂ² rewatch video battle ka tasyi yang sebelumnya, akhirnya up battle lagiğŸ˜‚ 
Cobain gorengan kocoknya atta aurel dong ka, warsun istrinya young lex keknya belum dicobain juga ya?"
747,747,Mba minta donggg 1
748,748,plissss banyakinn battle makanan lagi dong kak
749,749,Udh nungguin trs kak tasyi up YouTube akhirnya
750,750,No 10 siapa gengs?
751,751,"Kak bikin battle chili oil dong, beli random rasanya zonk ğŸ˜¢"
752,752,Syg gda merek yg kak jerome kemarin cobain
753,753,Bukannya dulu ka tasyi pernah cobain coklat dubai buatan lokal y?ğŸ˜®
754,754,"Point yg aku dapet malah, klo mau nyoba yg fix, berarti beli yg nmor 9 wkwk
Jdi pgn nyoba don bakery sama yg nmor 9"
755,755,Ka tasyi cobain ayam renaldğŸ‰ğŸ‰
756,756,Battle mayonaise kak
757,757,LOVE YOU KA TASYIII â¤ï¸â¤ï¸â¤ï¸
758,758,YANG DITUNGGU2 AKHIRNYAAA â¤â¤â¤ğŸ‰ğŸ‰ğŸ‰
759,759,Akhirnya ada battle baruuuu
760,760,kak tasyi please bikin video di jogja review olive chiken please
761,761,kakk tasyii coba bikin coklat dubai ala kak tasyi dongg
762,762,Cobain coklat Tempe dong ??? Mau nyoba tapi gk Tau enak apa enggak
763,763,Halo ak penonton setia nih hari Minggu ak mau masuk pondok semoga dapat uang jajan aminn
764,764,Nonton sambil nelen ludah aah kepengen ğŸ¤¤ğŸ¤¤ğŸ¤¤
765,765,ka tasyi bikin resep dubai choco nya dong aku mau coba
766,766,"KA COBA REVIEW JUALANYA ISTRINYA ALDY FAiRUZ ,ANGBEEN KITCHEN"
767,767,"tapi coklat dubai ini emang bukan yg enak buat dimakan terus, jadi bosen dan eneg gitu, sampe akrg gw masih eneg ga pengen makan coklat dubai"
768,768,Kak battle kue lapis legit plisss
769,769,KANGENNN BATTLE BATTLEEE KAK TASYIII PLISSğŸ©·ğŸ©·ğŸ©·ğŸ©·ğŸ©·ğŸ©·
770,770,Mau tau by chi keik itu ada onlinenya gak?
771,771,AAA AKHIRNYAA DON BAKESHOP DI REVIEWWW BNERAN NUNGGU BGT
772,772,Battle nugget ka tasyiiiii
773,773,Kak tasyi battle saos sambal dongg
774,774,gimana cara belinya by chi keik
775,775,Ka tasyii menurut aku subtitle nya perlu dicek 2x 3x lagi deh sblum di up soalnya beberapa ada salah pengejaan dan out of context
776,776,ngiler bgt huhuuu
777,777,pengen bgt cobainnnn chocolate dubai tapi mahall bgtğŸ¥²ğŸ¥²ğŸ¥²ğŸ¥²
778,778,yukkk bisa yuk trendingğŸ‰ğŸ‰
779,779,ka tasyi sering2 battle makanan yaa aku suka bangetttttt bangetttttttttttttt ngettttttâ¤â¤â¤â¤â¤ always nungguin vdeo baru nyğŸ™ğŸ»ğŸ¥ºğŸ¥ºğŸ¥ºğŸ¥º
780,780,"padahal kak tasyi pernah nyobain yg no 1, dari studio coklatğŸ˜‚"
781,781,Saking seringnya liat org review don bakeshop sampe bisa nebak yg Don bakeshop yg mana cuma dari deskripsi kak tasyiğŸ˜…
782,782,KA TASYI PLIS BATTLE BASRENG MENTAH. Tapi digoreng setengah mateng. Krn di tiktok banyak bgt. Menurut ka tasyi lebih worth it yg mana
783,783,Yuhuu.. gercepp ğŸ‰
784,784,ada yang belum masuk dan itu enak bgt menurut aku. namanya TERVE . dia pabrik coklat di banduung
785,785,Pengen HnH tapi dompet tidak mengijinkan ğŸ˜‚
786,786,akhirnya kak tasyi upload battle lagi dan ga nyangka yang menang justru bukan dari yang dubai coklat aslinyağŸ˜‚
787,787,KAK COBAIN YG BECCAAA
788,788,Ekspresif sekali kak tasyi ğŸ˜‚ğŸ˜‚ğŸ˜‚ğŸ˜‚ lucu
789,789,"Kak Tasyi tuh kalo ngejelasin rasa makanan tuh detaiiiiiiiil bangeeeet, jadi terasa ikut ngerasain"
790,790,Jarang konten battle sekalinya battle coklat Dubai fiks banyak yg excited ğŸ˜‚â¤
791,791,Tim gak skip iklan di tengah video
792,792,"Akhirnya konten battle lagi, mana pas bgt lagi pengen nyoba coklat Dubai tapi ga tau yg worth it yg mana ğŸ˜„"
793,793,Fyp
794,794,Viral
795,795,Tranding
796,796,Yey tasyi battle lagi
797,797,merk t1311 kak baru rilis enak pool
798,798,Wah keliatan enak banget coklat ğŸ‘ğŸ»ğŸ‘ğŸ»
799,799,AKHIRNYA KONTEN YANG DI TUNGGU TUNGGUUU
800,800,ahhh seenng banget akhirnya video battle muncul lagii stelah ku tungguuu
801,801,Akhirnyaa setelah sekian lama ka tasyi baru battle lagiâ¤
802,802,Seruu bgttt! Pas bgtt lagi makan jugaağŸ˜‚
803,803,Kak Tasyiiiiiâ¤
804,804,ka cobain makanan dari Angebeen rishi ka penasaran
805,805,Kak tasyiiiii â¤
806,806,"Aku jg mau bikin si coklat Dubai pake tahini Krn kuliat klo yg bikin orang arab mereka selalu ngasih tahini
N pelopornya pun pake tahini"
807,807,Semangat kak Tasyi ğŸ’ª
808,808,akhirnyaa yang ditunggu tunggu â¤â¤
809,809,merk becca's jg lokal ka trs lebih enak menurut jerome drpd brand dubai asli tp kayanya becca's gak masuk review ka tasyi deh kalo diliat dari tumbnailnya
810,810,sukaa deh
811,811,â¤
812,812,semogaa trending plisss
813,813,Finally akhirnyğŸ˜ŠğŸ˜Š
814,814,Kenapa cantik terus sih kak tasyiğŸ˜‚masyaallahtbrkallah
815,815,fav konten di channel ka Tasyiii! ğŸ’—
816,816,nujum ini apa ya guysğŸ˜…
817,817,"kakk battle mie ayam dong, pengen tau mie ayam paling enak menurut kak tasyi apaa"
818,818,BATTLE KONTEN FAV AKUUUUUUâ¤
819,819,Waaaahh finally. Thankyouu kak tasyiâ¤
820,820,Jangan lupa follow tataazk
821,821,"Yang selalu ditunggu tunggu, absen tasyiâ¤â¤"
822,822,"next battle roti tawar brand lokal 
dong kak wkwkwk"
823,823,Battle beginian pasti rame
824,824,yuhuuu
825,825,TIADA HARI TANPA NONTON KAK TASYI ğŸ¤©â¤ï¸ğŸˆ
826,826,yuhuuu
827,827,yuhuuu
828,828,HadirrrrğŸ˜‚ğŸ˜‚
829,829,gercep nihh
830,830,akhirnya yg ditunggu2ğŸ‰â¤
831,831,First
832,832,Wuihh
833,833,First
834,834,AKHIRNYAAAA BATTLE YANG DI TUNGGU-TUNGGU
835,835,"pertamaaa, seneng bgt dpt notif battleâ¤â¤â¤â¤"
