,Unnamed: 0.1,Unnamed: 0,comment
0,0,0,guys untuk kiting cake ada kesalahan penulisan harga yaa harusnya harganya 195000 bukan 360000mohon maaf atas kesalahan penulisanyaa
1,1,1,masyaallah cantiknyaa
2,2,2,tebal nya kan jadi ensk biar dapat rasa ciklat nya
3,3,3,kaaa kamu bisa bgt rating makanan kaya pinter bgt gitu ktakatnya pas gtuu semangat ka tasyiiiii lop yuuuuu 
4,4,4,batlle minuman serbuk kayak marimas jasjus dong
5,5,5,link pmblian coklatnya gk ad kak
6,6,6,battle mochiiiii
7,7,7,kak tasyi wajib review tuniang bali punya ibunya kak maharani kemala ditunggu videonya kak
8,8,8,ga eneg kah ka
9,9,9,dari semua food vlogger emamg paling dinanti yg review tasyi detail dan bisa ngasih masukan kekurangannya apa biar bs di upgrade  lidahnya tuh brp kali gw blg harus di asuransiin sih
10,10,10,assalamualaikum kak tasyi boleh saya mintak coklat dubai nya mau beli belom bisa karena harganya mahal banget ngidam coklat itu sekarang sedang hamil 6 bulan
11,11,11,bikin battle don bakeshop sm becca plissssss
12,12,12,yahh yang harvest gaak ada
13,13,13,kata nya don bakeshop aga kemanisan 
14,14,14,kak battle dimsum pleaseee
15,15,15,battle nama chocolate dong
16,16,16,kaaa link pembelian yg chi keik dongg
17,17,17,dari review kak tasyi jadi tahu mana cok dub yg sesuai selera dan kantong tp yg paling penting kandungannya halal
18,18,18,ada yg pernah coba coklat yg the harvest sm lets go gelato gakk review nya donggg
19,19,19,nextt mie ayamm doongg
20,20,20,kak please nextnya aku recommend cobain mamamiel kitchen harvest cake beccas
21,21,21,sudah aku duga pasti yang menang don bake shop karena don bake shop emang se enak itu
22,22,22,2406 bejir jastipnya markupnya banyak buanget wkwkwkwk pdhl sama sama jkt btw ada yg bahannya kek donbakeshop baru launching circles bakery
23,23,23,1527 donbakeshop ni wkwkwk keliatan beet dia pake seasalt kak di dalemnya pistachioktaifi wkwk
24,24,24,821 dari sini keliatan jelas fix yg ini wkwk
25,25,25,battle basreng mentah kak
26,26,26,malah iklan skincare
27,27,27,klau lumer memang pistachio bakalan kurang berasa lah kan banyakan cairannya oil klau mau berasa pistachio ya cairan oilnya dibuat sedikit tp jd kering ngga lumer
28,28,28,beli yg by chi keik dmna ya
29,29,29,no 10 apa ee penisirin 
30,30,30,battle nugget
31,31,31,konten ka tasyi ga ngebosenin
32,32,32,kataifi sipaling kataifi
33,33,33,kak tasyi cobain dong coklat dubai yg merk lker dari trki itu terkenal banget di turki dan cepet banget habisnya kata orang orang yg merk lker ini lebih enak dari pada yg di dubai moga read ya kak
34,34,34,fix emng overratted bngt siii
35,35,35,pas editan wangi sampe ilang ngakak sih wkwk
36,36,36,tasyiii battle mayonaise doooong rekomendasi mamayo primayo prima agung prociz kwepie mayumi maestro mamasuka dll
37,37,37,kak videonya jangan terlalu jauh kak
38,38,38,tasyi kl diet cakep kali yaaa
39,39,39,suka bangetttt battlenya ka tasyi lanjutkan terus kak
40,40,40,nonton ini sambil makan coklat don bakeshop 
41,41,41,kadnag donbake shop ada yg ketebelan ada yg tipis kek ga sinkron pdhal kebanyakan riview emang paling enak donbake shop
42,42,42,sblm nnton sampe beres  pas liat yg no 8 udh feeling don sihh itu hee  eehhh beneran don bakeshop yaaa  blm pernah beli dan cobaa tapi dliat sekilas udh ketebak heee
43,43,43,beccas nggak ada ya
44,44,44,setelah ini dubai chocolate by chi keik pasti laku keras 
45,45,45,aku suka banget konten ka tasyi bettle begini semangat ngonten ka tasyi
46,46,46,salfok ga si cakep banget ka tasyi
47,47,47,tahini ituu apa yaa
48,48,48,subtitle nya ga match kak di akhir akhir
49,49,49,tahina bukan tahini
50,50,50,ka cobain deh coklat dubai nya terve chocolate factory di bandung hehe enak banget menurutku ga terlalu manis
51,51,51,urutan merk1 studio chocolate almost perfect cuman kecil aja cetakannya 1090002 les cantiqa 2100003 pipiltin 2680004 fix chocolate 5750005 delicia krasiva paling aromatic 2250006 heavenly taste 1250007 by chi keik ada sedikit butiran garam yg tdk rata 1300008 don bake shop almost perfect tp bawahnya ketebelan 2800009 kiting cake 19500010 umkm  sensor 
52,52,52,tapi pada bilang don bake shop rating review nilainya rata2 aja  enak banget juga ga tapi dibilang ga enak juga gak 
53,53,53,kak kalo mau battle jangan banyak ngomong dong lama banget nunggu mau batlle nya
54,54,54,battle es teh kak 
55,55,55,aku pakai yg acne emang sebagus itu
56,56,56,kak cobain dubai kunafa nya sina cake enak banget
57,57,57,kak tasyi sadar gk si yg studio coklat juara no 3 itu udh pernah masuk di jajanan rating tertinggi  dan jujur masukan kakak tetep konsisten dan sama tentang cetakannya emg bnran masyaallah bgt deh reviewnya kak tasyi
58,58,58,nomor 10 tuh merknya honey butter ga si
59,59,59,harusnya ada pas di bagi 2 gitu coklat nya biar tau yg tempered chocolate sama yg ngga yg mana
60,60,60,516 kepalanya ngeri bgt
61,61,61,dubai mah padang pasir gak ada tumbuhan buah2an itu choclat impor
62,62,62,ooh kukira di battle ini ada dubai coklat yg dri beccas soalnya bnyk yg blg itu lbh enak drpd don bakeshop apalgi klo ka tasyi nyari yg fillingnya lebih ke asin gurih keknya bakal cocok d
63,63,63,ig by chi keik apasihhh gais
64,64,64,kenapa gaada coklat dubai becca itu paling enakkkk
65,65,65,aku juga pakai signatute by kamila bagus banged
66,66,66,suka bgt skrg kak tasyi softlensnya agak gelap cantik poll
67,67,67,yah gaada beccaaa kwkw
68,68,68,salfok makin cakep aja kak tasyi 
69,69,69,battle cimol mozarella donggg
70,70,70,baru pertama denger review makanan dari tasyi and i love itaku sering komplain dengerin food vlogger jaman now yg ga jelas dalam mendefinisikan rasa makanan aroma dan bahannya apaa cuma dari rasa makanankarena seharusnya emang gituuu as a food vlogger 
71,71,71,gokil penjelasan nya masuk di gue kak thank u kak 
72,72,72,kak tasyi vidio battle nasi goreng kok udah ga ada
73,73,73,yg dapur coklat enak ga ya
74,74,74,pecinta langangan skincare hnh  udh make hampir 2tahunan
75,75,75,battle milk bun kak
76,76,76,padahal no 1 nujum nyh ngk enak ehh juara 3
77,77,77,gue nonton ini sambil makan sambel plus krupuk berasa krupuknya jadi coklat 
78,78,78,makin antri dah si juara 1
79,79,79,dari awal nonton udah nebak itu nomor 1 studio coklat chocolate dubaistyle pertama yg aku cobain malah itu kalo selera aku lebih suka dia malah karena tipis tapi ya itu balik ke selera masing2 
80,80,80,itu rambutnya kak tasyi keliatan nggak sih salfok
81,81,81,untung blm ikut fomo beli fix 
82,82,82,sebenernya konten battle ka tasyi ada bagusnya loh buat para umkm dan penjual yg lain karena review jujurnya untuk  yang mau terima kritik dan saran ya   klo yang gamau dan ada rasa iri dengki di hati ya susah aku liat kemaren di tiktok banyak yg komen soal review ka tasyi pas aku tonton biasa aja ko padahal ka tasyi sering bilang klo ini sesuai selera ka tasyi kan emang ribet banget netizen mah yaaa
83,83,83,kak battle pancake roll durian kk lagi virall
84,84,84,iyaaa lagi aku pertamakali beli yg heaven enak kokk tapi yaa kayak makan coklat crunchy ovomaltine  gada rasa asin sedikitpun ketutup bgt sama milk coklatnya huhu coba donebake deh abis ini
85,85,85,syaangnya becca g ada tasyiii kata org2 yg becca enakkkk
86,86,86,udah ketebak kalo don bakeshop karna painting coklatnya keliatan wkwkwk
87,87,87,skincareny bpom ga ka
88,88,88,kaa battle cheesecake dong
89,89,89,puas nontonnya hahhahahahaha ternyata yg lokal aja lebih enak dari dubai 
90,90,90,chie keik emg seenak ituuuuu 
91,91,91,next battle teh dong kaaa
92,92,92,o
93,93,93,bener kemaren fyp orang luar bikin coklat dubai itu isiannya selain pistachio paste pakai tanini juga
94,94,94,keren bgt cara ngereview nya  fair sopan dikasih masukan penonton jg mudah nangkep n kebayang maksudnya hebat terbaik kak tasyi
95,95,95,next battle dimsum kaa tasyiiii
96,96,96,kak tasyi mulutnya bener2 masyaallah
97,97,97,pantes ampe antri sblm mall bukak
98,98,98,kak battle rendang dong dari produk influencer ataupun tempat nasi padang populer
99,99,99,kawin ka yuk
100,100,100,guyss info beli yg no 6 dimana dongg
101,101,101,jd bingung cobain chi keik apa studio coklat ya
102,102,102,apakah ada coklat vinchoco
103,103,103,kak batle nugget dong
104,104,104,masha allah kak tasyi mkin cantik bnget pangling aku udah lama gak nonton vidio kak tasyi
105,105,105,nah ini yg d tunggu
106,106,106,aku udah coba juara satunya sebelumnya dan emang bener dubai chocolatenya don bake shop enak bgt huhuhu nangis 
107,107,107,kaa banyak yang typo jujur angka 4 jadi 5 terus yang coklat pertama kan ditaro tengah tp tulisannya depan sama hargaa  yuk editornya improve yuk
108,108,108,di duo pengacara dibilang enak enak aja di tasyi kurang kliatan siapa yg lebih pro wkwk  nomer 3
109,109,109,no 1  no 10 brand apa ajasih ga tau
110,110,110,sejauh ini hanya kak tasyi yang jelasin makanan se detail ini dan berasa sambil belajar ilmu masak
111,111,111,donbake shop pemenang nyaaa si viral ituuu wooow
112,112,112,as always dari pada buatan aku
113,113,113,kaaaaa battle sate taichan plis
114,114,114,battle sarden kak
115,115,115,kaa battle kebabb
116,116,116,kepo sama becca
117,117,117,
118,118,118,don bakershop belom bisa konsistenin ketebelan coklatnya aja si liat di konten lain coklatnya ada yang tipiss atas ama bawahnyaa kak tasyi ga beli yang becas jugaa yaa itu
119,119,119,kak ayo coba coklat dubainga habibisweet bali  enak juga
120,120,120,
121,121,121,battle makanan kaleng
122,122,122,gila kiting selalu mirip sama yg lagi hype
123,123,123,ka tasyi cobain yang dari becca house kata orang orang enak banget sayang di battle ini gada
124,124,124,kayaknya brand nomor 8 pesanannya uda membludak jadi soal ketebalannya si cokelat ga konsisten alias terburu2
125,125,125,sayang g ada becca pdhal byk yg blg becca itu enak bgt  g kemanisan gurih 
126,126,126,utk harga segitu yagakpapa sih coklatnya tebal  kan ada orang yg emang mau ngincer coklat yg enak juga biar puass gitu loh hehe
127,127,127,kak bettle roti manis dari semua toko kue atau homebakers terenak
128,128,128,cobain dubai coklatnya elder patisserie jogja dong kak
129,129,129,seruuu
130,130,130,
131,131,131,hihi betol le janna ckp biasa je nyah mmg x sedap sangat pon hihi
132,132,132,kak battle stevia dooongg takut manis nya zonk 
133,133,133,battle mochi dong kaaa
134,134,134,maaf oot kak tasyi katanya ada gerd yak kok bisa diet yak tipsnya gimana yak pengin diet tapi ada gerd jadi takut buat diet 
135,135,135,battle martabak manis dong kak kayak nya seruu tuhh
136,136,136,aaaa yg beccas ga masuk ya kak pdhl liat riview orng bagus bagus kak
137,137,137,setelah di approved kak tasyi berapa nih di kastil harganya wkwk nangis polll 580
138,138,138,udh trending 12 loh
139,139,139,always detail banget kak tasyi selalu suka luph luph
140,140,140,battle per ice cream man kk
141,141,141,sibodoh ini katanya no 4 enak bgt pas tau merknya fix trs tbtb bilang fix ga seenak itu gila apa ya ni org dihh
142,142,142,kak tasyiii bikin resep cheseecuit yg lg virall donggg plis hihi
143,143,143,padahal gw liat di ig chef donny itu tipis loh coklat atas bawahnya
144,144,144,gimn radany bak hu penasaran ok tk subcrib ki berbagi yaa
145,145,145,beccca ga masukkk
146,146,146,battle burnt cheesecake brownie kak tasyiiiiii
147,147,147,yaaahhhh becca belum direview padahal enak bgt
148,148,148,pemenang kedua beli dimana ya
149,149,149,battle kwasong dong ka
150,150,150,kak battle dimsum donggg
151,151,151,coklat mahal 
152,152,152,906 908 908 908 909 909 909 909 909 911 911 911 911 911 912 912 912
153,153,153,by chi keik beli dimana pliss yang tau dm cari ignya gak nemu 
154,154,154,hebat sih kak tasyi soal lidah perasa tapi yg di compare makanan yg ga terjangkau sayangnya  tempat maupun harga ga semua org bisa icip juga sekedar ungkapin isi hati aja
155,155,155,yg nomor 5 isiannya mirip bget sama tai kebo baru
156,156,156,wihh ka tasyi skincare sama kaya punya ibu akuu
157,157,157,beli cokkat dubai by chi kiek dmna ya
158,158,158,kak mau tau cara beli coklat dubai by chi kiek dmna ya
159,159,159,tasyi akan selalu jadi referensi utama gue untuk nyobain sesuatu yang viral krn gue bukan tipikal yang mau cobacoba gue akan selalu cobain 1 nya tasyi and all i want to say thank you to tasyi atas reviewnya jadi gue gak perlu cobain yang ga terbaik and so far review nya tasyi memuaskan dan cocok di gue sukses terus yaa tasyi and team
160,160,160,bedanya kataifi sama kunafa apa ya
161,161,161,ngakak bgtdah liat kak tasyi ngmng apalagi pas ngmng juara dua murah banget murah banget
162,162,162,ka tasyi  battle kue maccaron dong
163,163,163,mashaallah salfok cantik banget
164,164,164,kak battle bakmie donggg
165,165,165,battle perkejuan kak
166,166,166,gmn seh ka tasyi knp nomor 4 dibilang tahini mulu pdhl fix dubay coklat satu2nya yg pernah dicoba
167,167,167,lebih enak liat mba nya yg ngunyah
168,168,168,wah makin antri beli di don bakeshop
169,169,169,kangeeeen tasyi battle
170,170,170,kalo mau skip opening langsung aja ke 325 ya guys
171,171,171,siapa yg bikin subtitle nya we never no 
172,172,172,apaan sih jastiper donbakeshop ngambil margin gede banget gilaaaa org dapetnya gak sesusah itu udh 2x beli gue 
173,173,173,i love u tasyi 
174,174,174,love
175,175,175,ka tasyi battle kecap asin donkkk
176,176,176,yg by chi keik bisa dibeli dimana ya ada yg tau
177,177,177,kak battle sushi dong tolong 
178,178,178,kak tasyi coba deh cobain buah lontar mau tau reaksi kak tasyi gimana sama rasa buah lontar pliss kalau setuju like 
179,179,179,lama gak nonton video tasyi yang  bikin subtitle masih aja gitu please kalau ketik sub bahasa inggris search dulu di google gitu loh bisa gak sih ya ampun tolong banget bahasa inggrisnya tasyi bener subnya ambyar emang satu tim gak ada yang bisa bahasa inggris sama sekali gitu buat review tulisan di videonya sebelum release google translate is free
180,180,180,3 studio coklat2 chi keik1 don bakeshop
181,181,181,kak tasyi battle whip cream dong biar jadi perbandingan untuk jualan juga
182,182,182,sayang banget ga masukin yg punya becca
183,183,183,kak tasyi perbanyak konten dgn durasi panjang  pw bgt makan sambil nonton
184,184,184,donbake shopp selalu antrii klo di smbb pliss
185,185,185,aku cobain donbakeshop tapi cokelatnya ga setebel ituuu
186,186,186,i need u battle bakso kaaak versi harga melokal ehehe
187,187,187,we made it kak yeeaayyyy
188,188,188,satu satunya bagi aku food vloger yang berdidikasi tingggi sama makanan dan bisa di percaya  selain itu unik banget karena biasa nya foodvloger battle makanan hanya menjelaskan dari segi rasa mkanan tapi ka tasyi menjelaskan dengan sangat detail bahkan  bisa ngerasain bahan lain yang ada dimakananwalau kadang ga dipungkiri selera orang masing masing itu beda tapi  aku selalu suka nonton ka tasyi battle makanannnn
189,189,189,ak ga ngerti tasyi ini siapa tp pnsaran aja karna masuk trending dan aku asli kagum dgn cara review diablak2anjujur dan sopandetaildan yg aku suka  ga dibuat2aku biasany anti banget nnton video diatas 15 menit tp ini beneran aku trbawa arus aja  enak aja nntonnya
190,190,190,wah
191,191,191,we made it
192,192,192,we made it
193,193,193,battle hot chocolateice chocolate
194,194,194,cobain beccas kak
195,195,195,dari designnya aja udah nyangka yg juara 1 itu don bakeshop congrats
196,196,196,we made it
197,197,197,seruuu bgtt part battle bikin gregetan dan kak tasyi deskripsiinnya detail bgt  nah begini food vloger hrsnya gk cuman ya enak asin atau enak pedes gk begitu doang
198,198,198,trending 3 kak tasyi congraatttssss wohoooo
199,199,199,nonton ini sambil makan dubai coklat
200,200,200,aku malah mau ka tasyi bikin bettle sarden untuk persiapan sahur
201,201,201,we made it
202,202,202,yaelah baru mulai udh iklan awkwk
203,203,203,nmr 10 beda sendiri 
204,204,204,konten pling di tunggu perbettle an ini
205,205,205,aaaa kesel bgt kemaren jastip don bakeshop ketipu jastiipp  ignya pretty jastip co  shopping tp skr accountnya udh ilang 
206,206,206,kak tasyii seneng bangettt bisa trending 3 selamat ka tasyii aku suka bangett ngikutin battle ka tasyi  aaaaa senenggg
207,207,207,we made it 
208,208,208,
209,209,209,kalo sekarang foodvloger kebanyakan enak2 aja blgnyagak bsa deskripsikan makanan itu gak ada pak bondanmasih ada tasyi
210,210,210,pake kataifi atau kunafa sih namanya
211,211,211,kk masuk tv loh
212,212,212,kak jujur aku mau beli nungguin km review dulu 
213,213,213,ka tasyi banyakin vidio battle lagi hehe
214,214,214,wow
215,215,215,kak silau backgroundnya
216,216,216,congrats tranding 2
217,217,217,aku liat org bikin pakai mihunhahahahaha ga hbis fkir aku
218,218,218,kebayang ga sihhh modalnya brp itu coklat semua 
219,219,219,apasih nge riview kok arahnya jadi ke tahini tahini sii gajelas banget pasti sengaja itu mah
220,220,220,menjatuhkan
221,221,221,we made it kakk
222,222,222,akhirnyaaa
223,223,223,inget bangettt dulu kak tasyi pernah bilang ga bisa dapet tranding di yutub nah alhamdulillah sekarang ternyata bisa di titik ini ya kakkk congrats 
224,224,224,kak tasyi battle nugget please
225,225,225,we made it
226,226,226,congrats kak tasyiiii
227,227,227,udah ga di ragukan lagi anak nya ibu ala ini totalitas semua kalau udah mereview
228,228,228,battle ayam pop padang gasihh
229,229,229,yah sayang bgt ga ada beccas bake shop banyak yg bilang lebih enak dari don
230,230,230,akhirnya trending
231,231,231,yaah gaada moody baker sama beccas di tiktok seliweran 2 brand itu juga
232,232,232,kak bettel   coklat silferquin ada yang palsu  pliss semoga dibaca amin
233,233,233,trending 2 kak tasyi 
234,234,234,kak tasyi plis battle makanannya sering2 dong udah kehabisan tayangan buat temen makan 
235,235,235,itu nomor 10 coklat dubai isi promag ga siii wkwkkw
236,236,236,mau tau harga nya yg nomor sepuluh se gak worth it itu kah
237,237,237,gokil
238,238,238,suka banget video riview ini bersih jelas tempo nya dapat sukses terus kak tasyi dan team
239,239,239,kataifi tuh bahasa apanya kunafa ya
240,240,240,patungan belinya dipotong ratabuat nyobain rame 
241,241,241,no 2 isi promag ga sih 
242,242,242,
243,243,243,cie trending r
244,244,244,moisturizer hnh emang bagus  pernah coba  tapi dikit bgt isinya 2x lipat dri originotdaycreamnya itu kya foundation jd suka bentrok warna dg cushion atau bedak
245,245,245,kaan klo battle pasti trending kak pliss banyakin konten battle
246,246,246,we made it
247,247,247,we made it
248,248,248,we made it
249,249,249,kenapa gaada the moody baker padahal itu di juara juara in bangettt
250,250,250,we made it 
251,251,251,we made it walaupun diriku tidak memiliki niat ingin membeli dubai coklat karena ga punya uang tapi aku tetap menonton nya untuk mendukung ka tasyii 
252,252,252,you made it kak tasyi  aku jarang banget komen di yt hihi
253,253,253,masya allah yang lagi trending 1 finally 
254,254,254,we made it kakk 
255,255,255,we made it ka tasyiii congrats
256,256,256,jadi pengen 
257,257,257,kok by chi keik gada ig or shope onlinenya yak
258,258,258,hah jastip 520 dikita cuma 350 kak  open list setiap hari dari jakarta selatan
259,259,259,we made it ka tasyi
260,260,260,sumpah gua kalo beli makanan yg hits2 skrg liat review ka tasyi  dia bnr2 se detail itu kl nge review
261,261,261,ka tasyi makin ngereview yg kurang makin nada bicaranya lembut keliatan bgt hatinya ga tega  reaksi spontan biasanya ga bsa dibuat2 jd makin syg hhe
262,262,262,we made it congrats kak tasyi seneng bgt ngikutin kak tasyi dari jaman baheula bgt huaaa so proud of you kak
263,263,263,gw saranin kalian nnton nya pake kecepatan 15 pas bagian dia nilai yg studio coklat di jamin ngakak
264,264,264,by chi keik kalo mau order gimana caranya ya di cari di market place ko gak ada di ig juga gak ada
265,265,265,trending 1 nii ci
266,266,266,udah ketebak don bake shop yg juara atu emang endullll
267,267,267,syelamaaat kak tasyii akhirnya trending 1 ya ges alhamdulillah seyamangaat teruuus kakak
268,268,268,we made it
269,269,269,we made it kaakk selamat yaa trending 1 
270,270,270,betulll donebakes itu coklat bawahnya ketebelaaan udah nyoba
271,271,271,yg menang lg viral bgt don bakshop
272,272,272,cara beli by chi keik dimana ya
273,273,273,gw suka kalau dia udh review makanan 
274,274,274,keren bangettttt
275,275,275,battle ayam pop ada gaksih
276,276,276,we made it
277,277,277,heavenlytest emang manis bgt isiannya jd eneg btw yg 125k itu tipis kecil bgt aku soalnya udah beli kalo yg besar 315k 
278,278,278,finally kak tasyiii trending 1
279,279,279,trending 1 loh kak tasyi
280,280,280,tasyi made it 
281,281,281,
282,282,282,selamat trending 1
283,283,283,we made it aaaa
284,284,284,we made it 
285,285,285,walaupun gk bisa beli tapi sudah trwakilkan rasanya di video inimna yg endolita mana yg rasanya biasa aja mksh k tasyi 
286,286,286,kakk tasyi battle kopi saset dongg
287,287,287,gils don bakeshop keren
288,288,288,don bakeshop udh ada logo halalnya blmrhum nya gimn di sana
289,289,289,we made it kak tasyiiiiiiiiii happy for youuuu argghhh dari jaman rambut masih pirang i nonton loh wkwkwkkw yok bisaa 5 juta subs 8juts subs 10juta subsss mari kita rayakan setiap momentnya lavvvvv btw i salah satu yg survive menghadapi gerd berkat video crystalline secinta itu semua informasi dari video kak tasyiiiii
290,290,290,selamat atas trending 1 nya
291,291,291,
292,292,292,ka taciii keren banget trending 1 selamat ya kaa 
293,293,293,waah trending 1
294,294,294,subtitlenya pas di menit akhir error kak 
295,295,295, ternding 1
296,296,296,congratss ka tasyi tranding 1 
297,297,297,wihh keren bgt ka tasyi trending 1 woii finallyyy yeayy
298,298,298,we made it
299,299,299,you deserve it kk tasyi we made it
300,300,300,semangat tasyiiiii
301,301,301,congrats ka tasyi 
302,302,302,gilee trending 1
303,303,303,kak tasyi battle ikan sarden dongss
304,304,304,ka tasyii udah pernah battle nugget belum coba battle nugget dong kakkk
305,305,305,wow trending 1
306,306,306,congrats trending 1
307,307,307,ka kalau review makanan gojek review flanana pisang ka enak ka banana nuggetnya
308,308,308,ada recap nya ga sih 
309,309,309,we made it
310,310,310,trending 1 menyalah banget 
311,311,311,we made it kakk
312,312,312,tranding 1 maasyaaallah 
313,313,313,kunafa sama kataifi itu sama
314,314,314,wihhhh kak tranding satu lohh
315,315,315,we made it
316,316,316,trending 1
317,317,317,slmt kk tranding 1
318,318,318,aaaa akun nya ketemu lagii udah lama kangen liat bettle nyaa tapi lupa akun nyaa
319,319,319,we made it
320,320,320,waaaah kak tasyi tranding 1 congrats kak 
321,321,321,keren kak saya jadi gk sedih ma beli no 2 murah kali
322,322,322,we made it congratulation kaaa bisa tranding 1
323,323,323,we made it
324,324,324,we made it
325,325,325,menyala kak tasyi trending 1
326,326,326, congrats kak tasyiiii we made itttt
327,327,327,yang paling aku tungguin
328,328,328,we made it
329,329,329,ada yg tau ig bychikeik mau mampir
330,330,330,yeayy kak trending 1
331,331,331,we made it trending 1 
332,332,332,studio coklat udah pernah direview kak tasyi kan ya yang makanan viral ituu
333,333,333,we made it ka tasyiiiiii 
334,334,334,kakk coklat dubainya becca bakehouse jga enak loh tolong di review dooong
335,335,335,masyaallah tasyi tabarakallah ntah apa aku aja disini yg nangis haru gara2 tasyi trending 1 ya allah masyaallah selamat
336,336,336,pliss kasih tau aku gimana cara belinyaa ga ngertii 
337,337,337,food blogger tebaik dan terjujur
338,338,338,we made it kak tasyiiiiii
339,339,339,beccas punya dong
340,340,340,kiw trending 1
341,341,341,we made it
342,342,342,sukses selalu kk tasyi
343,343,343,battle nugget dong kaaaak
344,344,344,selamat kak tasyi
345,345,345,trending kak tasyi no 1 
346,346,346,kataifi adalah bahan utama dalam pembuatan kunafa kunafa adalah nama hidangan penutup dari timur tengah jadi selama ini salah bilang isinya coklat dubai adalah kunafa yg bener kata kak tasyi ini kataifi atau adonan pastry yg diiris tipis seperti bentuk bihun
347,347,347,number one 1 kak tasyi terrrterr pokoknya mah
348,348,348,we made it
349,349,349,kak tasyi mah chef sihbukan lg home cooking queenangkat tangankeren banget lidahnyaplg jenius dari semua yg aku kenaltetep humble ya kk
350,350,350, we made it  selamat trending 1 kak tasyi di tengah2 perbolaan yg panas 
351,351,351,sebenarnya aku ga suka makan coklat2an cuma seneng aja liat battle makanan nya ka tasyi wwkkwk
352,352,352,trending satuuuu
353,353,353,kak tasyi trending 1 
354,354,354,yesssss congratss tasyiii
355,355,355,we made it
356,356,356,di akhir sub nya ga singkron
357,357,357,wahhhh trending satuuu
358,358,358,donbake beneran enak bgt sih
359,359,359,we made it 
360,360,360,we made it
361,361,361,we made it tranding 1 wuhuuuuu
362,362,362,aaa selamat ka tasyii tranding 1semangat teruss yaa bikin konten nya teruslah berbuat baik seneng banget ngeliat konten2 kaka lopyuuu
363,363,363,yah beccas ga masuk dia juga bnyak yg review lebih enak dri donbakes
364,364,364,trending no 1 kakk
365,365,365,finally congrats ka tasyiiiii you made it
366,366,366,battle makanan terbaik emang cma kk tasyi penilaiannya bener2 jujur dan jelas wajar jdi tranding 1
367,367,367,battle mie mie rasa koreanan dong kak samyang atau sedap korean korean gitu biar dapet yang harganya affordable tapi enak
368,368,368,alhamdulillah kak
369,369,369,trending 1 we made it
370,370,370,trending 1 ciii
371,371,371,we made it guyss
372,372,372,seruuuuw bgt
373,373,373,tumben trending 1
374,374,374,we made it
375,375,375,moq bs sedetail itu sih k tasyi mantepp bgt
376,376,376,kak review merk keju mozarella dong semua merk keju mozza kak
377,377,377,kak review merk keju mozarella dong semua merk keju mozza kak
378,378,378,kak review merk keju mozarella dong semua merk keju mozza kak
379,379,379,by chi keik beli dimana ya nyari kok gak ketemu
380,380,380,we made it selalu suka kalau ka tasyi buat konten battle
381,381,381,udah aku tebak pasti yg juara 1 don bakeshop soalnya liat review orang2 kaya enak bgt daripada fix dubai aslinya
382,382,382,trending 1
383,383,383,our queen of home cooking congrats tranding 1 nyaa we made it
384,384,384,sering sering battle lagi ka 
385,385,385,trending 1 
386,386,386,we made it congratsss kaaaaaa trending 1
387,387,387,kaa buat lagi dong battle makanan terendah dan tertinggi
388,388,388,wiihh trending 1
389,389,389,we made it
390,390,390,selamaaat taciiiii
391,391,391,wow trending 1 kak tasyi
392,392,392,we made it
393,393,393,trending 1 kak
394,394,394,jadi ngilerrrrr
395,395,395,battle martabak asin dan martabak manis
396,396,396,we made itkeren ka tasyitreeeending 1
397,397,397,horeeeeeeee we made it
398,398,398,we made it
399,399,399,we made it
400,400,400,we made it
401,401,401,we made it
402,402,402,we made it
403,403,403,ya nomer 10 bisa jd fomo fomo tok
404,404,404,we made it kak tasyi 
405,405,405,bikin ngiler aja nih konten 
406,406,406,we made it kak tasyi congratssssss
407,407,407,we made it
408,408,408,trending 1 kaakkk 
409,409,409,tranding 1 waahhhh congratsss kakak cantikkkk tasyi athasyia
410,410,410,battle keju kak
411,411,411,keren tasyi
412,412,412,wah trending 1
413,413,413,barakallahu  trending 1
414,414,414,coba battle nugeet kak tasyiii pleaseeee
415,415,415,ka you did it luvv semangat selalu sangat di tunggu vidio battle selanjutnya 
416,416,416,we made it  yeaaayyy selamat kak tasyi
417,417,417,selalu puas nonton battle kak tasyi tuu detail dan pembawaan kak tasyi emang asiikkk sukses terusss ya kaaak
418,418,418,waahhh tengkyuuu reviewnyaa kak tasyi
419,419,419,bangga congrats kak tasyiii kebayang bgt lagi semua rasanya deskripsinya jadi bener2 penasaran rasa juara satu nyaaa 
420,420,420,tasyi menghidupkan brand lokalwe made it congrats ya
421,421,421,masyaaallah alhmdulillah barakallahu fiik kak tasyi kak tasyi luar biasa food vlogger yang selalu menghadirkan konten yang inspiratif dan seru aku nggak pernah terlewat untuk nonton setiap video di channel youtube kak tasyi terus berkarya dan tetap jadi sumber inspirasi buat banyak orang kak tasyi pantas banget jadi trending nomor satu semangat terus 
422,422,422,we made it kak tasyiii dengan segala huru hara youtube akhirnya pertama kali trending 1
423,423,423,warnax kyk tai kuda itu apa ya
424,424,424,udah ketebak nomer 8 donbake shop dari paltingnya
425,425,425,we made it kak tasyiii selamat yaaa
426,426,426,we made it 
427,427,427,we made it 
428,428,428,we made it alhamdulillaahh
429,429,429,akhirnya trending satuuuu omggy
430,430,430,we made it
431,431,431,we made it kak 
432,432,432,we made it 
433,433,433,we made it guyss 
434,434,434,we made it
435,435,435,we made it 
436,436,436,congrats ka tasyiiii we made it
437,437,437,we made it  congrats kak tasyi
438,438,438,we made it
439,439,439,
440,440,440,yeay we made it ngikutin banget ka tasyi dari dulu akhirnya berhasil 1 trending ya ka congrats
441,441,441,we made it 
442,442,442,mau nyoba cokelat dubai nunggu battle ka tasyi dulu 
443,443,443,ka tasyi lovely
444,444,444,we made it
445,445,445,we made it
446,446,446,we made it
447,447,447,cii selamatt urah trendinh 1 
448,448,448,omggg trending 1
449,449,449,
450,450,450,keren
451,451,451,we made it congratsss kak tasyiiiiii
452,452,452,we made it
453,453,453,guys untuk kiting cake ada kesalahan penulisan harga yaa harusnya harganya 195000 bukan 360000mohon maaf atas kesalahan penulisanyaa
454,454,454,mahkluk seperti ini bisa trending memang menjijikan
455,455,455,masyaallah trending 1 
456,456,456,yang paling berkuasa mengatur seluruh dunia    akhirat adalah pencipta duniasemua manusia di seluruh dunia diciptakan oleh pencipta yang sama   tapi di dunia ada banyak      agama         aliran kepercayaan serta ada juga yang atheis      siapakah pencipta manusia       dunia    banyak orang mengakui bahwa pencipta dunia  itu antara lain        maha  kuasa   maha  kasih    maka pencipta dunia memberitahu siapa dirinya  pasti dengan cara yang sangat  paling mudah    supaya manusia bisa dengan sangat mudah juga mengetahui pencipta manusia       pemilik  dunia    pemilik  akhirat   pengatur  dunia    pengatur  akhirat kalau pemilik rumah  paling berkuasa  mengatur    buat  peraturan  untuk orang  orang yang menghuni  mengontrak rumahnya 
457,457,457,pemilik  dunia      pemilik  akhirat       pengatur  dunia    pengatur  akhiratada 5 hal yang berlaku di seluruh dunia   international    1 bahasa international  bahasa inggris  dari inggris percaya kepada allah bernama tuhan yesus  pencipta dunia2 mata uang international  us   dari amerika serikat percaya kepada allah bernama tuhan yesus  pencipta dunia3 kalender internationalkalender tahun masehi hari ini  31 januari 2023 masehimasehimesiastuhan yesus4 lagu  kebangsaan  semua negara harus punya lagu kebangsaan lagu kebangsaan indonesia  indonesia rayacara beribadah umat kristen ada  lagu5 keselamatan  hal  hal   keselamatan untuk manusia yang dipakai hampir diseluruh dunia  international  pakai bahasa international  bahasa inggris zebra   cross  do not   cross   police linered     cross    international         palang     merah    international
458,458,458,we made it
459,459,459,we made it
460,460,460,kkk battel keju dong yang ada di minimarket 
461,461,461,semangat kakk
462,462,462,trending 1 dong
463,463,463,we made it
464,464,464,kak taciii trending 1 
465,465,465,we made it
466,466,466,we made it
467,467,467,we made it selamat kak 
468,468,468,we made it congratulation tranding 1
469,469,469,sudah kuduga pasti yang juara don bakeshop
470,470,470,masyaallah alhamdulillah selamat kak tasyi trending 1 
471,471,471,tumben openingnya kek template ppt canvaaa sp yg setujuuuu
472,472,472,we made it
473,473,473,akk akan banyak2in komen supaya naikin engagement kakaa
474,474,474,suka suka sukaaa
475,475,475,seru bangett
476,476,476,we made it 
477,477,477,we made it
478,478,478,kok bisa sih jual 100rban pistachio aja per kg udah mau nangisbelum coklat kataifi profit 10 kahgilaa rodi banget tt
479,479,479,tranding 1 ka tasyi 
480,480,480,yayy congrats 
481,481,481,we made it
482,482,482,we made it  kak tasyi always gercep klu ada konten baru semua kontennya bagus dan sll jd favorit semangat kak tasyi makasih buat stiap usahanya we love u always
483,483,483,we made it kak
484,484,484,we made it 
485,485,485,trending 1
486,486,486,congratsss ka tasyiii trending 1 
487,487,487,kak tasyiii u made it
488,488,488,we made it kak tasyi
489,489,489,we made ittt  mangat tasyiii
490,490,490,weee madeee ittttcongratsssss ciiiii 
491,491,491,selamaaaad kak tasyiii u made it
492,492,492,we made it selamat ya ka tasyii akhirnya bisa tranding 1 juga suka banget sama semua konten kaka semoga suatu saat bisa ketemu dan fotbar sama ka tasyi ya love u k tasyi
493,493,493,selamat kaaaaaaaa terharu liatnya 
494,494,494,masyaallah trending 1 
495,495,495,subtitel nya cba ganti bahasa inggris ka biar bsa diliat negara lain jga sih mnrtku
496,496,496,tapi jujur selera tasyi tuh selera gua bangetttttt
497,497,497,we made it kak tasyi  akhirnya pecah telor juga 
498,498,498,we made it 
499,499,499,alhamdulillah trending no 1 jumat 22 november 2024 allahumma barrik 
500,500,500,we made it
501,501,501,we made it kak tasyiiiii congrats ya kak ikutan terharu inget dlu gimana susah nya kak tasyi mau trending dgn views yg udah banyak ituh  semoga kedepan nya makin sering trending ya kak we made it  ditunggu battle selanjutnya kak 
502,502,502,battle siomayshumai ka tasyi 3
503,503,503,kak next wajib banget battle nasi goreng ketoprak sate ayam
504,504,504,
505,505,505,we made it tim gapernah skip walaupun tinggal diluar negeri gabisa cobain apapun yg direview tp buat ku yg suka masak demen bgt nontonnya apalagi smbl makan luvvv semangat trs taciii
506,506,506,ka kaka hebag masha allah 
507,507,507,keren
508,508,508,review terprofesional dari awal coklat viral ini muncul gak cuman kemanisanbiasa ajangacangworth gak worthdan dari sekian banyak reviewercuma di tasyi yg notice ada rasaand bahan tahini good job tasyi 
509,509,509,by chi keik itu ig nya apa yaa
510,510,510,detail banget jelasinnya  keren tasyiiiiii
511,511,511,disuruh komen we made it sma kween 
512,512,512,omaygaaad
513,513,513,wi mid it
514,514,514,kak kamu keren bngt luvvvv
515,515,515,battle mayonnaise pleaseeee
516,516,516,kaa battle darkmilk coklat lokal dongg
517,517,517,we made it
518,518,518,sumpah 1 selera sama tasyi banget parah donbakeshop tuh emg gurih asin2 gitu isian kunafa nya jadi enak bgttt coklatnya jg ga manis ah pokoknya 100 buat tasyi thanku dah battlein
519,519,519,congrats k tasyiii dah trending satu aja video battle coklat dubai nya moga sukses terus ya kk
520,520,520,we made it
521,521,521,trending 1
522,522,522,
523,523,523,
524,524,524,ka yg juara 2 nama ig nya apa ya ko nyari gak nemu sediiiihh deh
525,525,525,you made it mimaaa congrats for trending 1 semoga sukses terus dan makin melejit yah mimaaaa
526,526,526,aku percaya banget sama lidah kak tasyi dan coklat studio cokelat beneran enak pas kak tasyi review waktu itu aku langsung beli dan beneran enak enak banget
527,527,527,kereeeeennnn
528,528,528,yaampun akhirnya konten battle lagii fav banget btw kemarin ada yg katanya review coklat dubai rekomendasi kak tasyi tpi punya dia malah zonk yg harganya 90an
529,529,529,we made it
530,530,530,we made it ka tasyiiiiiiiimasyaallah tabarakallahhhhh
531,531,531,alhamdulillah 1 sukses selalu tasyi
532,532,532,we made it 
533,533,533,kak tasyiiiiiii we made it
534,534,534,selamat kak trending 1
535,535,535,kak tasyiii di video ini cantikkk polll
536,536,536,banyakin video battle kak tasyi 
537,537,537,trending 1 dongsssssssssss kaaaa
538,538,538,trending no 1 kaaaaaaa barakallah 
539,539,539,sering2 ya kaa bikin video batlle gini suka bgttt
540,540,540,udah nebak banget yang nomor 8 
541,541,541,trending 1 ka tasyi finallywow semangat ngonten nya ka
542,542,542,trending 1
543,543,543,kereenn
544,544,544,mana revisi harga salah 1 brand coklat yg bakal di pin 
545,545,545,trending1 dongggg
546,546,546,tiap upload video battle pasti trending  viewers nya banyakkk sering upload battle lagi ka tasyii semangat
547,547,547,nagihh bgt kli tasyi yg review 
548,548,548,beccas gak ada di list yaaa  atau malah yg terakhir itu
549,549,549,nahhhhhh ini maksudnya kalo jd food vlogger jelasinnya bener bener detail penilaiannya juga objektif
550,550,550,request battle bubuk matcha kakkk
551,551,551,bakso dong kak tasyi
552,552,552,wow trending loh 
553,553,553,kak tasyi battle donat dong yg lg viral ada donat dore donat bahagia
554,554,554,battle donat dong kak
555,555,555,beli nya dimana siii yg by chi keikk
556,556,556,wow trending
557,557,557,by chi keik beli dmn ka
558,558,558,suka bgt konten battle ini karena review nya bener2 detail dan jujurga cuma enak2 aja ditunggu battle berikutnya kak tasyiiii
559,559,559,seru bgt ka tasyi sering2 yaaa bikin battle mood bgt
560,560,560,2130 white coklaaat
561,561,561,yeayyyyy trending 2
562,562,562,trending 
563,563,563,kak km di sini cantik bangett suka deh liat nyaaa
564,564,564,pipiltin enakk juga ak suka krn tipis lapisannya sm nyobain fix  tp b aja 
565,565,565,buat jastipers don bakeshop tolong jgn ajimumpung
566,566,566,
567,567,567,kak tah knpa senang aja lihat konten kk
568,568,568,hahahha baru banget kmrn iseng beli di don bakeshop gara2 mas2 yg jaga jadinya beli yg pistachio dan hazelnuts tapi emang enak  sih 
569,569,569,sukses selalu kak tasyi anggap aja haters jadi ladang pahala kakak 
570,570,570,channel kak tasyi lagi ada di my top 3 favorite food vlogger at this moment seriusan beneran semua konten aku tonton semua padahal sebelumnya cuma naksir kalo lagi battle ajaa dan akhir akhir ini jadi suka masakmasak
571,571,571,wah trending 2 kak
572,572,572,udah nebak duluan yg nomor 8 don bake shop wkwkkwkw
573,573,573,bettle tepung bumbu kakk
574,574,574,kak battle keju minimarket dongsss
575,575,575,kak tasyi kolab sama ria sw dong
576,576,576,selamat kak tasyi trending dong
577,577,577,congrats ka tasy trending 2 semoga bisa trending 1 kak akhirnya yahhhh 
578,578,578,trending 2 kakkk
579,579,579,untuk mencegah obesitas anda bisa menerapkan beberapa tips berikutmengatur pola makan hindari minuman ringan dan bersoda batasi konsumsi jus buah kurangi konsumsi karbohidrat kompleks seperti nasi roti jagung kentang dan sereal pilih alternatif karbohidrat yang lebih rendah kalori seperti beras merah kacangkacangan bijibijian utuh dan gandum utuh konsumsi berbagai jenis sayuran terutama yang berwarna hijau konsumsi buahbuahan yang berwarna cerah seperti jeruk mangga dan pepaya beraktivitas fisik lakukan aktivitas fisik secara rutin minimal 30 menit dalam sehari olahraga yang disarankan untuk penyandang obesitas dapat dimulai secara perlahan dan sedikit demi sedikit mengurangi stres berpikir positif dan mengenali emosi makan menimbang berat badan secara teratur tidak merokok dan minum alkohol hindari tidur setelah makan
580,580,580,paling suka episode batle banyakin video batle ka tasyi
581,581,581,kenapa makin ke sini reviewnya makin keliatan ketebak ya
582,582,582,battle coklat bubuk please 
583,583,583,kak cobain yg coklat dubai nya becca kata jerome enak becca dripada don
584,584,584,ka trending congrats yaaaa
585,585,585,fav content
586,586,586,ini yg aku perlukaaan horeee sebelum salah beli hahahha
587,587,587,trending 3 wuikkhhh
588,588,588,becca sm moodybaker enak mana ya gaes
589,589,589,kak tasyi battle kopi sachet dongudah pernah blm yaaa 
590,590,590,1 thing yang gue notice banget di video battle kali ini kak tasyi aktif bgt ngasih masukan utk coklat2 yang gak masuk selera beda ga kaya battle2 sebelumnya wkwk good job
591,591,591,yah kok ga ada becca bake house 
592,592,592,pistasyo sm kataifi tu apa
593,593,593,nah ini
594,594,594,battle esteh jumbo 3 ribuan dong kak
595,595,595,ini dia yang ditunggu2
596,596,596,tanteh mndg di nomernya buat smcam sticker sertakan merek logo dan harga jd ga prlu nanya2 ke teamnya begono jd moment of truth pas dikletek kaget sndri liat merek  harganya
597,597,597,dari kemarin di tungguin kakkk 
598,598,598,review burn cheesecake yg paling enak siapa tau ada yg ngalahin yg di blok m
599,599,599,battle antar umkm ajah lebih seru tapi apa ya
600,600,600,kak review indomi premium yg japang n korea
601,601,601,ka nyobain dimsam jinji sama pentol maudy
602,602,602,semua jenis kulit manusia itu beda jadi otomatis yg di jadikan ba itu juga orang yg kulitnya memang dah bagus
603,603,603,congrats yaaa don bakeshop  pas spill spill awal don bakeshop bikin coklat dubai tuh emang udah keliatan enak banget dan pengen banget banget beli tapi harganya bukan buat kaum mendang mending  misqueen kayak aku wkwkwkpadahal kantorku deket ke kokas jalan kaki tapi sampe skrng blm kebeli karena ga ada dananya untuk beli 1 coklat aja 
604,604,604,vidio ini mahal banget nie 
605,605,605,buset jastipnya mehonk amat yaaaa  mantap jadi juara 1
606,606,606,aku gak ngerti tahini dan kataifi  jadi dijelasin aromarasa tahini dan kataifi gak ngerti cuma kaget aja coklat begitu sampe 575 ribu 
607,607,607,boleh ga sih durasi nya di panjangin kaaa sampe adek ali sma haha
608,608,608,ka tasy aga kurusan
609,609,609,salfok liat kak tasyi makin cantik masyaallahhhhh 
610,610,610,kok disni harga yg coklat juara satunya yg 250gr cuma 100rb yg 120gr 50rb dan 50gr 35rb itu kira2 asli ga ya
611,611,611,jdi kepi itu siapa yg gaenak
612,612,612,wowww trending 4
613,613,613,yang battle battle begini yang paling ditunggu 
614,614,614,mashaallah kak tasyi semakin cantik 
615,615,615,weezzzzz juara 2 dari bandung  gas belikk
616,616,616,coba mie ayam ami nikita mirzani
617,617,617,sayang umkmbangga produk indonesia 
618,618,618,suka banget sama battle
619,619,619,wuah  trending 4 barokallah
620,620,620,akhirnya yg ku tggu
621,621,621,kalo segi makanan aku percaya lidah kk tasyii
622,622,622,benerbener super detail reviewnya sampe tau ada rasa tahini dan di jelasin sedetail itu tentang bentukannya tahini   gak cuma sekedar pistasionya kerasa pistasio banget coklatnya nyoklat banget keren kamu kak 
623,623,623,kak tasyii battle pempek
624,624,624,kak tasyiii kerudungnya cakepp beli dimana
625,625,625,the moody baker paling besssst 
626,626,626,videoo yg ku tunggu2 battle revieww2 
627,627,627,battle saus keju 
628,628,628,subtitlenya kecepetan
629,629,629,miki ojisan juga bentuknya mirip studio coklat coba ka tasyiii review coklat dubai yg beluuum
630,630,630,kak tasyi boleh kali ajak2 subcriber nyicipin makanan mahal hehehe
631,631,631,ka tasyii coba review cimoodpentol maudy tiktokersreview jujurrr 
632,632,632,editor tolong banget speed textnya disesuaikan ama video wkwkwkwk
633,633,633,battle keju dong 
634,634,634,waduhh subtitle dibagian akhir ga passs tp tetep enjoy sih nontonnyaaaa
635,635,635,i like chocolate  hmm yummy
636,636,636,ih ih kak tasyi mkin cntik
637,637,637,aq pke hnh signature  kulit ku sawo mateng jd klo pke day cream ny ko jd abu2 yah pdahal dah pke 1 bulan 
638,638,638,by chi keik beli dimana ya guysss help helpbtw kak tasyi thankyouu dah buat konten ini
639,639,639,anjir don bakeshop udh rame tambah rame gara gara juara 1 
640,640,640,aku yang suka manis jadi pengennn bgt nyoba nomer 6
641,641,641,sekarang editornya bisa ngelawak
642,642,642,ohoho akhirnya yg ku tunggu2 battle coklat dubai
643,643,643,tebak modal konten initotalitas bgt kak tasyii
644,644,644,kak tasyi batle sambel ulek sachet dongaku bingung kalau mau beli sambal sachet ada aja yg bau2 pengawet aku nyebutnyagitu tapi gk tau bau apa gituada gk ya sambel yg enak rekomendasi kak tasyi gk pernah gagal dan satu selera sama aku mudah2an bisa nemu sambal sachet yg enak
645,645,645,kak bikin share resep dubai coklat nya dong yg kunaifanya bisa bikin sendri 
646,646,646,ka tasyi jualan please banget pasti bom banget
647,647,647,2353 
648,648,648,kataifi dan tahini itu apaan si 
649,649,649,battle teh celupppp kakk tasyiiiii plleeaseee battle teh celupp
650,650,650,battle teh celupppp kakk tasyiiiii plleeaseee battle teh celupp
651,651,651,battle teh celupppp kakk tasyiiiii plleeaseee battle teh celupp
652,652,652,mieeee ayam
653,653,653,penasaran yg  no 10 siapaa
654,654,654,please bakso favorit ka tasyi dong
655,655,655,kaya apa sih coklat dubay 
656,656,656,kak battle milk powder dong kalau lagi buat kue masih mencaricari susu bubuk yang oke 
657,657,657,by chi keik itu belinya dmna info dooong
658,658,658,tolong editor hasil video nya di perhatiin lagi asli dah
659,659,659,kak battle keju plise sama saus kejuuuuu
660,660,660,resep kunafanya kak
661,661,661,anjay soto bgt lagian nge review akhirnya malah dubai coklat yg asli ga peringkatt
662,662,662,kemana aja kak tumben baru nongol konten battle nya ehe 
663,663,663,nmr 8 udh ketebak don bakeshopkarna lebih mengkilat coklatnya
664,664,664,harusnya pak ka tasyi ngmg tahini ky wijen putih gt itu editor search google kek bentukannya kek gmn taro di videoinya org kan jg penasaran
665,665,665,udah nyoba don bakeshop emang enak banget rasa coklatnya ga murahan kalau ga dimasukin kulkas asinnya lebih nusuk jadi mending masukin kulkas dulu jadi balance banget
666,666,666,ngakakkyang pencetusnya sendiri ga menang
667,667,667,battle chicken nugget dong ka tasyi plzzzzz
668,668,668,yang mau dubai coklat 20 ribuan komen
669,669,669,kak tasyiiii cobain coklat dubainya beccas kakkk pls notice
670,670,670,aku juga pakeeee
671,671,671,sourdough donbakeshop itu enak banget kak you must try it
672,672,672,yang ditunggu tunggu akhirnya
673,673,673,battle nugget dong tasyiii
674,674,674,yang ditunggu tunggu 
675,675,675,kak mungkin nnt cobain beccas bake shop pengen tau reaksinya kak tasyi
676,676,676,konkaya kecil gitu ya gambarnyaaa apa hp gue yg bermasalah ya huhu
677,677,677,ya allah ka tasyi udah battle aja nyicipi merk satu be belum
678,678,678,kak review saus extra pedas saus keju mentega
679,679,679,penasaran klo beccas ikut pdhl itu enak bgttt
680,680,680,kak gara2 kamu aku langsung beli di jastip yg don bakeshop
681,681,681,
682,682,682,kak omg aku kmrn pengen bgt nonton battle coklat dubai kak tasyi pas dicari di channel kakak ternyata ga ada happy bgttt pas liat hari ini kakak up video battle coklatnya 
683,683,683,lezatnya
684,684,684,harusnya masukin produksi amyandcake juga kak penasaran rasanya 
685,685,685,maa shaa allah ka tasyi makin cantiikk
686,686,686,l
687,687,687,kayaknya aku bakal suka sama yg nomor 1 deh karna kayak ringan gitu dimakannya kecil isiannya ga manis jadi ga mahteh ga enek
688,688,688,kakkkkkk resep coklat dubai dong kk
689,689,689,udah ketebak sih pasti don bakeshop yang menang soal nya kriteria nya ada semua di kak tasyi cuma ternyata pipiltin nggk masuk top 3 
690,690,690,kalau sudah kebanyakan bgini berarti bukan cokelat dubai lagi soalnya bukan dibuat dari sana 
691,691,691,juara umum nasional
692,692,692,perfecto marito saudaranya anggi marito
693,693,693,nnton doang beli kagk wkwk
694,694,694,punten salfok kak tasyi kurusan
695,695,695,kak battle masakan sunda udah belum
696,696,696,harusnya ada di prank sama yg coklat bihun
697,697,697,konten yang paling ku tunggu tunggu luv pokoknya
698,698,698,kapan ada mabar with tasyi lagii kaaa  
699,699,699,no 4 don bake ga si
700,700,700,akhirnya battle jugaa
701,701,701,dari yang cuek dengan coklat dubai jadi kepengen wkwkwk
702,702,702,yg tau toko orenig nya by chi keik plasee komen kasih tau dong nyari2 ga nemu 
703,703,703,temen gua sok sok an jualan dubai coklat homemade belilah kami dgn niat support pas gigit kok rasa matcha
704,704,704,temen gua sok sok an jualan dubai coklat homemade belilah kami dgn niat support pas gigit kok rasa matcha
705,705,705,selamat ya don bakeshop 
706,706,706,don bakeshop nomer 8 piring nya tapi juara 1
707,707,707,battle nugget ayam plis ka tasyi aku ibu2 paling galau kalo beliin anak nugget  kadang yg mahal belum tentu enak
708,708,708,plisss ka tasyi battle bakso afung sama bakso bondan solo yang lagi hits dimelawai blok m
709,709,709,kek ny coklat pertama kak tasyi udah pernah coba deh di postingan 3 bulan lalu
710,710,710,kak battle ramen dong
711,711,711,ka tasyi emang setulus itu pengen memajukkan umkm lokal tidak di pengaruhi pihak manapun 
712,712,712,kataifi tu apa
713,713,713,akhirnya battle keju dong kak tasyi
714,714,714,aihhh yg ditunggu tunggu coklat dubai lokal ala kak tasyi 
715,715,715,astagaaaaaa outfitnya di senadain ama apa yg mau di review ya kak tasyi wkwkwkkkw
716,716,716,ini variasi konten yang paling di tunggu2 si selain konten review resto  sampai rewatch episode battle yg lama saking kangennya  sukses selalu ka tasyi n crew 
717,717,717,battle pure matcha kak yg bener pure hehe
718,718,718,ngelembab pin kak bukan ngelembab bin
719,719,719,aku mala de awal pas ngeliat corak coklatnya udah bisa nebak kalau yg no 8 itu don bakeshop  eh gak taunya juara 1 
720,720,720,hayyy kak tasyi sayang  semoga selalu sehat selalu sekeluarga ya kak
721,721,721,sebenernya dari dulu suka banget ma video battle kak tasyi skrg lebih sopan karna umkm ditutup
722,722,722,huhu syg bgt beccas ga masukk pdhl ktnya enak bs ngalahin don
723,723,723,by chi keik belinya dimana
724,724,724,ka tasyi coba bikin battle semua varian nextar dari nabati kalo aku sukanya yg biskuit tngh nya ada coklat berbentuk bintang
725,725,725,team yg mau beli makanan2 viral nunggu kak tasyi review dulu 
726,726,726,yang ditunggutungguuu
727,727,727,kak tasyi disini mirip mamari
728,728,728,ka tasyi battle sate padang dong
729,729,729,tasyi jastip sama siapa sampe 520rb  gile yg jualan mo haji furoda kali yee jahat bgt
730,730,730,battle kukis sultana dong jeunk tasyi
731,731,731,gaess layar hp gua yg rusak apa emng video nya ya yg terlalu cerah gitu  bikin sakit mata
732,732,732,nujum gw bener wkwkwk
733,733,733,ngileerrrr
734,734,734,akhirnya dapet insight rasa coklat dubai sblm icip 
735,735,735,by chi keik beli dimana yaa
736,736,736,hnh emang se worth it itu sihapalagi  kalo habis pake itu terus make up anawettp ada harga ada kwalitas lah
737,737,737,yg ditunggu vlognya katasyi recook coklat dubai versi lowbudget dong 
738,738,738,akhirnya keluar juga ni battle per cokklat dubaian next battle in keju cheddar kakkk
739,739,739,kak review ayam goreng bu tumbar by hangry itu dongg
740,740,740,battle bakso kak tasyiii
741,741,741,dubai coklat
742,742,742,hahahaha akhirnya video ini ada krn percaya bgt lidah kak tasyi 
743,743,743,yaampun habis brapa duit ini
744,744,744,maoooo
745,745,745,kak klo bisa ganti dong backgroundnya kalo warna putih terang gini ganyaman bikin silau banget ke mata
746,746,746,waw mahal beudd sih tapi pengen coba tapi yg fix brand itu yg viral y
747,747,747,juara 1 sih paling enk 2x beli coklat itu endul
748,748,748,battle cheesecake kakkk
749,749,749,kk sama tambhin facial gk diluar
750,750,750,finally
751,751,751,next battle keju
752,752,752,liat kak tasyi ngejelasin makanannya jdi bisa ngebayangin gmn rasanya 
753,753,753,food vlogger terbaik se indonesia ada tasyi bisa deskripsiin rasa sedetail itu sampe teknik2 masaknya dia tau omaygad 
754,754,754,battle wafer dong kak
755,755,755,battle keju kaakkk
756,756,756,don bakeshop makin antri habis ini wkwkwk
757,757,757,battle perkejuan kaaaaa keju cheddar keju slice keju moza tulung banget aku penasaran 
758,758,758,gak salah emang don bakeshop antrinta kaya orng gila wkwk congraatssss
759,759,759,battle batagor atau baso tahu udah belum yaaa
760,760,760,maaciiy banyak kaa tasyiii honest reviewnyaaa
761,761,761,anjir jastip don bakeshop 2x harga asli mahal bgtt
762,762,762,baru aja kemarin komen request battle coklat dubai ehh udah ada aja videonya makasih kak tasyi dan team sukses teruss buat kita semua 
763,763,763,kk tasyi thankyouu btw brand chi keik itu punya adik ku umkm indonesia maju terussss
764,764,764,duh aku pernah kerja di pipiltin cocoa halo mas irvan mbak tissa
765,765,765,battle ramen
766,766,766,sering sering kakaaa bikin video battleselalu excited kalo ada video battle kak tasyi
767,767,767,setelah berkali rewatch video battle ka tasyi yang sebelumnya akhirnya up battle lagi cobain gorengan kocoknya atta aurel dong ka warsun istrinya young lex keknya belum dicobain juga ya
768,768,768,mba minta donggg 1
769,769,769,plissss banyakinn battle makanan lagi dong kak
770,770,770,udh nungguin trs kak tasyi up youtube akhirnya
771,771,771,no 10 siapa gengs
772,772,772,kak bikin battle chili oil dong beli random rasanya zonk 
773,773,773,syg gda merek yg kak jerome kemarin cobain
774,774,774,bukannya dulu ka tasyi pernah cobain coklat dubai buatan lokal y
775,775,775,point yg aku dapet malah klo mau nyoba yg fix berarti beli yg nmor 9 wkwkjdi pgn nyoba don bakery sama yg nmor 9
776,776,776,ka tasyi cobain ayam renald
777,777,777,battle mayonaise kak
778,778,778,love you ka tasyiii 
779,779,779,yang ditunggu2 akhirnyaaa 
780,780,780,akhirnya ada battle baruuuu
781,781,781,kak tasyi please bikin video di jogja review olive chiken please
782,782,782,kakk tasyii coba bikin coklat dubai ala kak tasyi dongg
783,783,783,cobain coklat tempe dong  mau nyoba tapi gk tau enak apa enggak
784,784,784,halo ak penonton setia nih hari minggu ak mau masuk pondok semoga dapat uang jajan aminn
785,785,785,nonton sambil nelen ludah aah kepengen 
786,786,786,ka tasyi bikin resep dubai choco nya dong aku mau coba
787,787,787,ka coba review jualanya istrinya aldy fairuz angbeen kitchen
788,788,788,tapi coklat dubai ini emang bukan yg enak buat dimakan terus jadi bosen dan eneg gitu sampe akrg gw masih eneg ga pengen makan coklat dubai
789,789,789,kak battle kue lapis legit plisss
790,790,790,kangennn battle battleee kak tasyiii pliss
791,791,791,mau tau by chi keik itu ada onlinenya gak
792,792,792,aaa akhirnyaa don bakeshop di reviewww bneran nunggu bgt
793,793,793,battle nugget ka tasyiiiii
794,794,794,kak tasyi battle saos sambal dongg
795,795,795,gimana cara belinya by chi keik
796,796,796,ka tasyii menurut aku subtitle nya perlu dicek 2x 3x lagi deh sblum di up soalnya beberapa ada salah pengejaan dan out of context
797,797,797,ngiler bgt huhuuu
798,798,798,pengen bgt cobainnnn chocolate dubai tapi mahall bgt
799,799,799,yukkk bisa yuk trending
800,800,800,ka tasyi sering2 battle makanan yaa aku suka bangetttttt bangetttttttttttttt ngetttttt always nungguin vdeo baru ny
801,801,801,padahal kak tasyi pernah nyobain yg no 1 dari studio coklat
802,802,802,saking seringnya liat org review don bakeshop sampe bisa nebak yg don bakeshop yg mana cuma dari deskripsi kak tasyi
803,803,803,ka tasyi plis battle basreng mentah tapi digoreng setengah mateng krn di tiktok banyak bgt menurut ka tasyi lebih worth it yg mana
804,804,804,yuhuu gercepp 
805,805,805,ada yang belum masuk dan itu enak bgt menurut aku namanya terve  dia pabrik coklat di banduung
806,806,806,pengen hnh tapi dompet tidak mengijinkan 
807,807,807,akhirnya kak tasyi upload battle lagi dan ga nyangka yang menang justru bukan dari yang dubai coklat aslinya
808,808,808,kak cobain yg beccaaa
809,809,809,ekspresif sekali kak tasyi  lucu
810,810,810,kak tasyi tuh kalo ngejelasin rasa makanan tuh detaiiiiiiiil bangeeeet jadi terasa ikut ngerasain
811,811,811,jarang konten battle sekalinya battle coklat dubai fiks banyak yg excited 
812,812,812,tim gak skip iklan di tengah video
813,813,813,akhirnya konten battle lagi mana pas bgt lagi pengen nyoba coklat dubai tapi ga tau yg worth it yg mana 
814,814,814,fyp
815,815,815,viral
816,816,816,tranding
817,817,817,yey tasyi battle lagi
818,818,818,merk t1311 kak baru rilis enak pool
819,819,819,wah keliatan enak banget coklat 
820,820,820,akhirnya konten yang di tunggu tungguuu
821,821,821,ahhh seenng banget akhirnya video battle muncul lagii stelah ku tungguuu
822,822,822,akhirnyaa setelah sekian lama ka tasyi baru battle lagi
823,823,823,seruu bgttt pas bgtt lagi makan jugaa
824,824,824,kak tasyiiiii
825,825,825,ka cobain makanan dari angebeen rishi ka penasaran
826,826,826,kak tasyiiiii 
827,827,827,aku jg mau bikin si coklat dubai pake tahini krn kuliat klo yg bikin orang arab mereka selalu ngasih tahinin pelopornya pun pake tahini
828,828,828,semangat kak tasyi 
829,829,829,akhirnyaa yang ditunggu tunggu 
830,830,830,merk beccas jg lokal ka trs lebih enak menurut jerome drpd brand dubai asli tp kayanya beccas gak masuk review ka tasyi deh kalo diliat dari tumbnailnya
831,831,831,sukaa deh
832,832,832,
833,833,833,semogaa trending plisss
834,834,834,finally akhirny
835,835,835,kenapa cantik terus sih kak tasyimasyaallahtbrkallah
836,836,836,fav konten di channel ka tasyiii 
837,837,837,nujum ini apa ya guys
838,838,838,kakk battle mie ayam dong pengen tau mie ayam paling enak menurut kak tasyi apaa
839,839,839,battle konten fav akuuuuuu
840,840,840,waaaahh finally thankyouu kak tasyi
841,841,841,jangan lupa follow tataazk
842,842,842,yang selalu ditunggu tunggu absen tasyi
843,843,843,next battle roti tawar brand lokal dong kak wkwkwk
844,844,844,battle beginian pasti rame
845,845,845,yuhuuu
846,846,846,tiada hari tanpa nonton kak tasyi 
847,847,847,yuhuuu
848,848,848,yuhuuu
849,849,849,hadirrrr
850,850,850,gercep nihh
851,851,851,akhirnya yg ditunggu2
852,852,852,first
853,853,853,wuihh
854,854,854,first
855,855,855,akhirnyaaaa battle yang di tunggutunggu
856,856,856,pertamaaa seneng bgt dpt notif battle
